time,wavelength,flux,flux_err
59045.00000,0.5,1.004967,0.0100
59045.00000,0.6,0.998617,0.0100
59045.00000,0.7,1.006477,0.0100
59045.00000,0.8,1.015230,0.0100
59045.00000,0.9,0.997658,0.0100
59045.00000,1.0,0.997659,0.0100
59045.00000,1.1,1.015792,0.0100
59045.00000,1.2,1.007674,0.0100
59045.00000,1.3,0.995305,0.0100
59045.00000,1.4,1.005426,0.0100
59045.00000,1.5,0.995366,0.0100
59045.00000,1.6,0.995343,0.0100
59045.00000,1.7,1.002420,0.0100
59045.00000,1.8,0.980867,0.0100
59045.00000,1.9,0.982751,0.0100
59045.00000,2.0,0.994377,0.0100
59045.00000,2.1,0.989872,0.0100
59045.00000,2.2,1.003142,0.0100
59045.00000,2.3,0.990920,0.0100
59045.00000,2.4,0.985877,0.0100
59045.00000,2.5,1.014656,0.0100
59045.00000,2.6,0.997742,0.0100
59045.00000,2.7,1.000675,0.0100
59045.00000,2.8,0.985753,0.0100
59045.00000,2.9,0.994556,0.0100
59045.00000,3.0,1.001109,0.0100
59045.00000,3.1,0.988490,0.0100
59045.00000,3.2,1.003757,0.0100
59045.00000,3.3,0.993994,0.0100
59045.00000,3.4,0.997083,0.0100
59045.00000,3.5,0.993983,0.0100
59045.00000,3.6,1.018523,0.0100
59045.00000,3.7,0.999865,0.0100
59045.00000,3.8,0.989423,0.0100
59045.00000,3.9,1.008225,0.0100
59045.00000,4.0,0.987792,0.0100
59045.00000,4.1,1.002089,0.0100
59045.00000,4.2,0.980403,0.0100
59045.00000,4.3,0.986718,0.0100
59045.00000,4.4,1.001969,0.0100
59045.00000,4.5,1.007385,0.0100
59045.00000,4.6,1.001714,0.0100
59045.00000,4.7,0.998844,0.0100
59045.00000,4.8,0.996989,0.0100
59045.00000,4.9,0.985215,0.0100
59045.00000,5.0,0.992802,0.0100
59045.00000,5.1,0.995394,0.0100
59045.00000,5.2,1.010571,0.0100
59045.00000,5.3,1.003436,0.0100
59045.00000,5.4,0.982370,0.0100
59045.00000,5.5,1.003241,0.0100
59045.00000,5.6,0.996149,0.0100
59045.00000,5.7,0.993231,0.0100
59045.00000,5.8,1.006117,0.0100
59045.00000,5.9,1.010310,0.0100
59045.00000,6.0,1.009313,0.0100
59045.00000,6.1,0.991608,0.0100
59045.00000,6.2,0.996908,0.0100
59045.00000,6.3,1.003313,0.0100
59045.00000,6.4,1.009755,0.0100
59045.00000,6.5,0.995208,0.0100
59045.00000,6.6,0.998143,0.0100
59045.00000,6.7,0.988937,0.0100
59045.00000,6.8,0.988038,0.0100
59045.00000,6.9,1.008125,0.0100
59045.00000,7.0,1.013562,0.0100
59045.00000,7.1,0.999280,0.0100
59045.00000,7.2,1.010035,0.0100
59045.00000,7.3,1.003616,0.0100
59045.00000,7.4,0.993549,0.0100
59045.00000,7.5,1.003614,0.0100
59045.00000,7.6,1.015380,0.0100
59045.00000,7.7,0.999642,0.0100
59045.00000,7.8,1.015646,0.0100
59045.00000,7.9,0.973803,0.0100
59045.00000,8.0,1.008219,0.0100
59045.00000,8.1,1.000870,0.0100
59045.00000,8.2,0.997010,0.0100
59045.00000,8.3,1.000918,0.0100
59045.00000,8.4,0.980124,0.0100
59045.00000,8.5,0.997803,0.0100
59045.00000,8.6,1.003571,0.0100
59045.00000,8.7,1.014779,0.0100
59045.00000,8.8,0.994817,0.0100
59045.00000,8.9,0.991915,0.0100
59045.00000,9.0,0.994982,0.0100
59045.00000,9.1,1.009154,0.0100
59045.00000,9.2,1.003288,0.0100
59045.00000,9.3,0.994702,0.0100
59045.00000,9.4,1.005133,0.0100
59045.00000,9.5,1.000971,0.0100
59045.00000,9.6,1.009686,0.0100
59045.00000,9.7,0.992979,0.0100
59045.00000,9.8,0.996723,0.0100
59045.00000,9.9,0.996079,0.0100
59045.00000,10.0,0.985365,0.0100
59045.04000,0.5,1.027830,0.0100
59045.04000,0.6,1.027480,0.0100
59045.04000,0.7,1.024920,0.0100
59045.04000,0.8,1.022523,0.0100
59045.04000,0.9,1.010715,0.0100
59045.04000,1.0,1.020663,0.0100
59045.04000,1.1,1.021442,0.0100
59045.04000,1.2,1.016846,0.0100
59045.04000,1.3,1.023256,0.0100
59045.04000,1.4,1.028909,0.0100
59045.04000,1.5,1.043731,0.0100
59045.04000,1.6,1.026615,0.0100
59045.04000,1.7,1.027444,0.0100
59045.04000,1.8,1.024125,0.0100
59045.04000,1.9,1.005681,0.0100
59045.04000,2.0,1.024604,0.0100
59045.04000,2.1,1.025471,0.0100
59045.04000,2.2,1.049501,0.0100
59045.04000,2.3,1.022945,0.0100
59045.04000,2.4,1.027884,0.0100
59045.04000,2.5,1.024522,0.0100
59045.04000,2.6,1.013182,0.0100
59045.04000,2.7,1.036297,0.0100
59045.04000,2.8,1.032388,0.0100
59045.04000,2.9,1.032779,0.0100
59045.04000,3.0,1.015775,0.0100
59045.04000,3.1,1.038897,0.0100
59045.04000,3.2,1.010850,0.0100
59045.04000,3.3,1.030738,0.0100
59045.04000,3.4,1.046774,0.0100
59045.04000,3.5,1.014964,0.0100
59045.04000,3.6,1.019206,0.0100
59045.04000,3.7,1.025866,0.0100
59045.04000,3.8,1.019834,0.0100
59045.04000,3.9,1.009362,0.0100
59045.04000,4.0,1.025555,0.0100
59045.04000,4.1,1.014246,0.0100
59045.04000,4.2,1.029605,0.0100
59045.04000,4.3,1.015675,0.0100
59045.04000,4.4,1.040368,0.0100
59045.04000,4.5,1.017036,0.0100
59045.04000,4.6,1.021648,0.0100
59045.04000,4.7,1.033004,0.0100
59045.04000,4.8,1.012560,0.0100
59045.04000,4.9,1.027144,0.0100
59045.04000,5.0,1.037940,0.0100
59045.04000,5.1,1.008794,0.0100
59045.04000,5.2,1.026715,0.0100
59045.04000,5.3,1.027468,0.0100
59045.04000,5.4,1.032687,0.0100
59045.04000,5.5,1.012499,0.0100
59045.04000,5.6,1.011664,0.0100
59045.04000,5.7,1.030088,0.0100
59045.04000,5.8,1.027839,0.0100
59045.04000,5.9,1.027374,0.0100
59045.04000,6.0,1.028333,0.0100
59045.04000,6.1,1.018069,0.0100
59045.04000,6.2,1.027192,0.0100
59045.04000,6.3,1.027800,0.0100
59045.04000,6.4,1.017725,0.0100
59045.04000,6.5,1.043527,0.0100
59045.04000,6.6,1.029607,0.0100
59045.04000,6.7,1.012956,0.0100
59045.04000,6.8,1.031435,0.0100
59045.04000,6.9,1.015122,0.0100
59045.04000,7.0,1.032740,0.0100
59045.04000,7.1,1.036455,0.0100
59045.04000,7.2,1.016662,0.0100
59045.04000,7.3,1.034503,0.0100
59045.04000,7.4,1.028997,0.0100
59045.04000,7.5,1.033090,0.0100
59045.04000,7.6,1.043837,0.0100
59045.04000,7.7,1.022415,0.0100
59045.04000,7.8,1.017332,0.0100
59045.04000,7.9,1.015974,0.0100
59045.04000,8.0,1.016711,0.0100
59045.04000,8.1,1.024098,0.0100
59045.04000,8.2,1.028281,0.0100
59045.04000,8.3,1.027636,0.0100
59045.04000,8.4,1.033141,0.0100
59045.04000,8.5,1.024999,0.0100
59045.04000,8.6,1.039404,0.0100
59045.04000,8.7,1.022222,0.0100
59045.04000,8.8,1.052071,0.0100
59045.04000,8.9,1.031126,0.0100
59045.04000,9.0,1.016297,0.0100
59045.04000,9.1,1.014160,0.0100
59045.04000,9.2,1.029694,0.0100
59045.04000,9.3,1.022634,0.0100
59045.04000,9.4,1.032009,0.0100
59045.04000,9.5,1.029601,0.0100
59045.04000,9.6,1.024141,0.0100
59045.04000,9.7,1.016401,0.0100
59045.04000,9.8,1.009721,0.0100
59045.04000,9.9,1.020404,0.0100
59045.04000,10.0,1.033433,0.0100
59045.08000,0.5,1.050316,0.0100
59045.08000,0.6,1.035718,0.0100
59045.08000,0.7,1.049907,0.0100
59045.08000,0.8,1.052029,0.0100
59045.08000,0.9,1.039337,0.0100
59045.08000,1.0,1.049713,0.0100
59045.08000,1.1,1.048757,0.0100
59045.08000,1.2,1.036746,0.0100
59045.08000,1.3,1.051753,0.0100
59045.08000,1.4,1.053783,0.0100
59045.08000,1.5,1.059006,0.0100
59045.08000,1.6,1.058713,0.0100
59045.08000,1.7,1.034399,0.0100
59045.08000,1.8,1.038797,0.0100
59045.08000,1.9,1.053326,0.0100
59045.08000,2.0,1.053313,0.0100
59045.08000,2.1,1.053326,0.0100
59045.08000,2.2,1.086703,0.0100
59045.08000,2.3,1.053884,0.0100
59045.08000,2.4,1.059531,0.0100
59045.08000,2.5,1.057715,0.0100
59045.08000,2.6,1.054689,0.0100
59045.08000,2.7,1.045023,0.0100
59045.08000,2.8,1.055765,0.0100
59045.08000,2.9,1.040447,0.0100
59045.08000,3.0,1.045807,0.0100
59045.08000,3.1,1.043322,0.0100
59045.08000,3.2,1.048994,0.0100
59045.08000,3.3,1.071322,0.0100
59045.08000,3.4,1.029503,0.0100
59045.08000,3.5,1.055038,0.0100
59045.08000,3.6,1.032048,0.0100
59045.08000,3.7,1.043456,0.0100
59045.08000,3.8,1.059065,0.0100
59045.08000,3.9,1.048818,0.0100
59045.08000,4.0,1.037398,0.0100
59045.08000,4.1,1.041022,0.0100
59045.08000,4.2,1.054971,0.0100
59045.08000,4.3,1.040872,0.0100
59045.08000,4.4,1.050340,0.0100
59045.08000,4.5,1.048631,0.0100
59045.08000,4.6,1.041659,0.0100
59045.08000,4.7,1.069615,0.0100
59045.08000,4.8,1.054515,0.0100
59045.08000,4.9,1.027924,0.0100
59045.08000,5.0,1.050040,0.0100
59045.08000,5.1,1.041558,0.0100
59045.08000,5.2,1.056700,0.0100
59045.08000,5.3,1.040250,0.0100
59045.08000,5.4,1.047028,0.0100
59045.08000,5.5,1.053225,0.0100
59045.08000,5.6,1.056833,0.0100
59045.08000,5.7,1.036172,0.0100
59045.08000,5.8,1.044830,0.0100
59045.08000,5.9,1.043426,0.0100
59045.08000,6.0,1.041642,0.0100
59045.08000,6.1,1.065830,0.0100
59045.08000,6.2,1.052225,0.0100
59045.08000,6.3,1.035567,0.0100
59045.08000,6.4,1.057354,0.0100
59045.08000,6.5,1.069397,0.0100
59045.08000,6.6,1.058500,0.0100
59045.08000,6.7,1.032982,0.0100
59045.08000,6.8,1.043333,0.0100
59045.08000,6.9,1.060844,0.0100
59045.08000,7.0,1.041099,0.0100
59045.08000,7.1,1.052614,0.0100
59045.08000,7.2,1.055922,0.0100
59045.08000,7.3,1.038906,0.0100
59045.08000,7.4,1.047580,0.0100
59045.08000,7.5,1.015763,0.0100
59045.08000,7.6,1.037931,0.0100
59045.08000,7.7,1.045650,0.0100
59045.08000,7.8,1.035698,0.0100
59045.08000,7.9,1.064499,0.0100
59045.08000,8.0,1.033874,0.0100
59045.08000,8.1,1.043775,0.0100
59045.08000,8.2,1.049483,0.0100
59045.08000,8.3,1.062588,0.0100
59045.08000,8.4,1.033817,0.0100
59045.08000,8.5,1.059807,0.0100
59045.08000,8.6,1.048278,0.0100
59045.08000,8.7,1.038360,0.0100
59045.08000,8.8,1.052796,0.0100
59045.08000,8.9,1.050166,0.0100
59045.08000,9.0,1.042173,0.0100
59045.08000,9.1,1.048873,0.0100
59045.08000,9.2,1.044322,0.0100
59045.08000,9.3,1.049311,0.0100
59045.08000,9.4,1.054797,0.0100
59045.08000,9.5,1.064036,0.0100
59045.08000,9.6,1.035797,0.0100
59045.08000,9.7,1.069506,0.0100
59045.08000,9.8,1.028654,0.0100
59045.08000,9.9,1.046658,0.0100
59045.08000,10.0,1.054059,0.0100
59045.12000,0.5,1.071265,0.0100
59045.12000,0.6,1.062228,0.0100
59045.12000,0.7,1.066373,0.0100
59045.12000,0.8,1.063525,0.0100
59045.12000,0.9,1.062561,0.0100
59045.12000,1.0,1.076951,0.0100
59045.12000,1.1,1.072025,0.0100
59045.12000,1.2,1.061526,0.0100
59045.12000,1.3,1.077451,0.0100
59045.12000,1.4,1.071528,0.0100
59045.12000,1.5,1.076583,0.0100
59045.12000,1.6,1.074751,0.0100
59045.12000,1.7,1.060165,0.0100
59045.12000,1.8,1.062853,0.0100
59045.12000,1.9,1.075928,0.0100
59045.12000,2.0,1.074558,0.0100
59045.12000,2.1,1.068246,0.0100
59045.12000,2.2,1.069628,0.0100
59045.12000,2.3,1.081231,0.0100
59045.12000,2.4,1.062539,0.0100
59045.12000,2.5,1.073926,0.0100
59045.12000,2.6,1.066433,0.0100
59045.12000,2.7,1.066278,0.0100
59045.12000,2.8,1.079442,0.0100
59045.12000,2.9,1.076709,0.0100
59045.12000,3.0,1.076590,0.0100
59045.12000,3.1,1.081509,0.0100
59045.12000,3.2,1.068665,0.0100
59045.12000,3.3,1.075274,0.0100
59045.12000,3.4,1.065352,0.0100
59045.12000,3.5,1.071696,0.0100
59045.12000,3.6,1.067153,0.0100
59045.12000,3.7,1.069425,0.0100
59045.12000,3.8,1.074406,0.0100
59045.12000,3.9,1.060273,0.0100
59045.12000,4.0,1.089379,0.0100
59045.12000,4.1,1.058395,0.0100
59045.12000,4.2,1.056313,0.0100
59045.12000,4.3,1.080036,0.0100
59045.12000,4.4,1.076371,0.0100
59045.12000,4.5,1.074696,0.0100
59045.12000,4.6,1.074738,0.0100
59045.12000,4.7,1.068332,0.0100
59045.12000,4.8,1.059482,0.0100
59045.12000,4.9,1.069213,0.0100
59045.12000,5.0,1.061683,0.0100
59045.12000,5.1,1.078206,0.0100
59045.12000,5.2,1.066984,0.0100
59045.12000,5.3,1.060200,0.0100
59045.12000,5.4,1.065241,0.0100
59045.12000,5.5,1.072584,0.0100
59045.12000,5.6,1.062817,0.0100
59045.12000,5.7,1.060233,0.0100
59045.12000,5.8,1.070892,0.0100
59045.12000,5.9,1.070904,0.0100
59045.12000,6.0,1.063385,0.0100
59045.12000,6.1,1.063744,0.0100
59045.12000,6.2,1.070775,0.0100
59045.12000,6.3,1.053974,0.0100
59045.12000,6.4,1.054380,0.0100
59045.12000,6.5,1.061270,0.0100
59045.12000,6.6,1.066320,0.0100
59045.12000,6.7,1.071564,0.0100
59045.12000,6.8,1.083208,0.0100
59045.12000,6.9,1.077031,0.0100
59045.12000,7.0,1.066855,0.0100
59045.12000,7.1,1.068265,0.0100
59045.12000,7.2,1.058429,0.0100
59045.12000,7.3,1.068270,0.0100
59045.12000,7.4,1.065568,0.0100
59045.12000,7.5,1.071682,0.0100
59045.12000,7.6,1.060182,0.0100
59045.12000,7.7,1.073648,0.0100
59045.12000,7.8,1.083782,0.0100
59045.12000,7.9,1.067367,0.0100
59045.12000,8.0,1.072472,0.0100
59045.12000,8.1,1.075356,0.0100
59045.12000,8.2,1.064443,0.0100
59045.12000,8.3,1.070696,0.0100
59045.12000,8.4,1.068581,0.0100
59045.12000,8.5,1.069431,0.0100
59045.12000,8.6,1.060725,0.0100
59045.12000,8.7,1.068700,0.0100
59045.12000,8.8,1.073435,0.0100
59045.12000,8.9,1.082966,0.0100
59045.12000,9.0,1.078047,0.0100
59045.12000,9.1,1.089987,0.0100
59045.12000,9.2,1.060781,0.0100
59045.12000,9.3,1.077178,0.0100
59045.12000,9.4,1.070288,0.0100
59045.12000,9.5,1.090353,0.0100
59045.12000,9.6,1.060372,0.0100
59045.12000,9.7,1.060057,0.0100
59045.12000,9.8,1.062461,0.0100
59045.12000,9.9,1.047216,0.0100
59045.12000,10.0,1.063197,0.0100
59045.16000,0.5,1.076841,0.0100
59045.16000,0.6,1.085937,0.0100
59045.16000,0.7,1.087850,0.0100
59045.16000,0.8,1.103195,0.0100
59045.16000,0.9,1.093937,0.0100
59045.16000,1.0,1.078664,0.0100
59045.16000,1.1,1.075449,0.0100
59045.16000,1.2,1.089352,0.0100
59045.16000,1.3,1.071230,0.0100
59045.16000,1.4,1.102747,0.0100
59045.16000,1.5,1.096227,0.0100
59045.16000,1.6,1.079741,0.0100
59045.16000,1.7,1.067301,0.0100
59045.16000,1.8,1.097972,0.0100
59045.16000,1.9,1.083287,0.0100
59045.16000,2.0,1.096811,0.0100
59045.16000,2.1,1.068489,0.0100
59045.16000,2.2,1.078439,0.0100
59045.16000,2.3,1.084485,0.0100
59045.16000,2.4,1.084903,0.0100
59045.16000,2.5,1.079932,0.0100
59045.16000,2.6,1.090661,0.0100
59045.16000,2.7,1.073757,0.0100
59045.16000,2.8,1.083009,0.0100
59045.16000,2.9,1.085636,0.0100
59045.16000,3.0,1.089577,0.0100
59045.16000,3.1,1.091549,0.0100
59045.16000,3.2,1.073186,0.0100
59045.16000,3.3,1.069092,0.0100
59045.16000,3.4,1.097210,0.0100
59045.16000,3.5,1.087756,0.0100
59045.16000,3.6,1.076948,0.0100
59045.16000,3.7,1.099944,0.0100
59045.16000,3.8,1.085590,0.0100
59045.16000,3.9,1.096226,0.0100
59045.16000,4.0,1.085108,0.0100
59045.16000,4.1,1.105040,0.0100
59045.16000,4.2,1.101986,0.0100
59045.16000,4.3,1.081943,0.0100
59045.16000,4.4,1.094149,0.0100
59045.16000,4.5,1.090887,0.0100
59045.16000,4.6,1.098119,0.0100
59045.16000,4.7,1.074784,0.0100
59045.16000,4.8,1.091293,0.0100
59045.16000,4.9,1.095017,0.0100
59045.16000,5.0,1.066845,0.0100
59045.16000,5.1,1.072600,0.0100
59045.16000,5.2,1.064040,0.0100
59045.16000,5.3,1.081739,0.0100
59045.16000,5.4,1.091608,0.0100
59045.16000,5.5,1.099456,0.0100
59045.16000,5.6,1.085174,0.0100
59045.16000,5.7,1.100719,0.0100
59045.16000,5.8,1.070632,0.0100
59045.16000,5.9,1.067399,0.0100
59045.16000,6.0,1.083877,0.0100
59045.16000,6.1,1.088273,0.0100
59045.16000,6.2,1.084106,0.0100
59045.16000,6.3,1.063758,0.0100
59045.16000,6.4,1.083542,0.0100
59045.16000,6.5,1.071388,0.0100
59045.16000,6.6,1.091130,0.0100
59045.16000,6.7,1.088099,0.0100
59045.16000,6.8,1.075034,0.0100
59045.16000,6.9,1.079294,0.0100
59045.16000,7.0,1.073841,0.0100
59045.16000,7.1,1.083806,0.0100
59045.16000,7.2,1.093984,0.0100
59045.16000,7.3,1.074576,0.0100
59045.16000,7.4,1.089473,0.0100
59045.16000,7.5,1.079130,0.0100
59045.16000,7.6,1.076504,0.0100
59045.16000,7.7,1.083362,0.0100
59045.16000,7.8,1.074080,0.0100
59045.16000,7.9,1.078896,0.0100
59045.16000,8.0,1.072454,0.0100
59045.16000,8.1,1.104080,0.0100
59045.16000,8.2,1.084785,0.0100
59045.16000,8.3,1.077436,0.0100
59045.16000,8.4,1.086573,0.0100
59045.16000,8.5,1.083310,0.0100
59045.16000,8.6,1.082223,0.0100
59045.16000,8.7,1.090574,0.0100
59045.16000,8.8,1.092008,0.0100
59045.16000,8.9,1.079128,0.0100
59045.16000,9.0,1.078675,0.0100
59045.16000,9.1,1.081682,0.0100
59045.16000,9.2,1.061414,0.0100
59045.16000,9.3,1.069281,0.0100
59045.16000,9.4,1.098102,0.0100
59045.16000,9.5,1.100882,0.0100
59045.16000,9.6,1.081942,0.0100
59045.16000,9.7,1.090198,0.0100
59045.16000,9.8,1.087545,0.0100
59045.16000,9.9,1.115222,0.0100
59045.16000,10.0,1.095629,0.0100
59045.20000,0.5,1.093826,0.0100
59045.20000,0.6,1.085550,0.0100
59045.20000,0.7,1.079041,0.0100
59045.20000,0.8,1.097140,0.0100
59045.20000,0.9,1.087542,0.0100
59045.20000,1.0,1.080883,0.0100
59045.20000,1.1,1.088640,0.0100
59045.20000,1.2,1.084290,0.0100
59045.20000,1.3,1.111977,0.0100
59045.20000,1.4,1.103922,0.0100
59045.20000,1.5,1.095026,0.0100
59045.20000,1.6,1.109905,0.0100
59045.20000,1.7,1.095879,0.0100
59045.20000,1.8,1.086493,0.0100
59045.20000,1.9,1.110337,0.0100
59045.20000,2.0,1.100495,0.0100
59045.20000,2.1,1.084733,0.0100
59045.20000,2.2,1.093202,0.0100
59045.20000,2.3,1.086349,0.0100
59045.20000,2.4,1.081278,0.0100
59045.20000,2.5,1.104367,0.0100
59045.20000,2.6,1.114200,0.0100
59045.20000,2.7,1.081120,0.0100
59045.20000,2.8,1.100735,0.0100
59045.20000,2.9,1.088599,0.0100
59045.20000,3.0,1.090234,0.0100
59045.20000,3.1,1.089182,0.0100
59045.20000,3.2,1.086466,0.0100
59045.20000,3.3,1.095591,0.0100
59045.20000,3.4,1.086796,0.0100
59045.20000,3.5,1.097810,0.0100
59045.20000,3.6,1.094603,0.0100
59045.20000,3.7,1.092716,0.0100
59045.20000,3.8,1.086030,0.0100
59045.20000,3.9,1.089338,0.0100
59045.20000,4.0,1.102660,0.0100
59045.20000,4.1,1.100115,0.0100
59045.20000,4.2,1.085330,0.0100
59045.20000,4.3,1.096099,0.0100
59045.20000,4.4,1.102620,0.0100
59045.20000,4.5,1.078412,0.0100
59045.20000,4.6,1.100539,0.0100
59045.20000,4.7,1.088479,0.0100
59045.20000,4.8,1.100812,0.0100
59045.20000,4.9,1.087473,0.0100
59045.20000,5.0,1.077057,0.0100
59045.20000,5.1,1.078830,0.0100
59045.20000,5.2,1.095587,0.0100
59045.20000,5.3,1.097703,0.0100
59045.20000,5.4,1.086062,0.0100
59045.20000,5.5,1.101492,0.0100
59045.20000,5.6,1.078490,0.0100
59045.20000,5.7,1.094445,0.0100
59045.20000,5.8,1.082995,0.0100
59045.20000,5.9,1.088587,0.0100
59045.20000,6.0,1.095580,0.0100
59045.20000,6.1,1.086502,0.0100
59045.20000,6.2,1.091260,0.0100
59045.20000,6.3,1.105169,0.0100
59045.20000,6.4,1.089337,0.0100
59045.20000,6.5,1.103463,0.0100
59045.20000,6.6,1.083809,0.0100
59045.20000,6.7,1.100404,0.0100
59045.20000,6.8,1.109521,0.0100
59045.20000,6.9,1.070389,0.0100
59045.20000,7.0,1.087137,0.0100
59045.20000,7.1,1.100876,0.0100
59045.20000,7.2,1.093075,0.0100
59045.20000,7.3,1.098817,0.0100
59045.20000,7.4,1.089066,0.0100
59045.20000,7.5,1.095972,0.0100
59045.20000,7.6,1.093549,0.0100
59045.20000,7.7,1.106783,0.0100
59045.20000,7.8,1.097650,0.0100
59045.20000,7.9,1.098482,0.0100
59045.20000,8.0,1.090987,0.0100
59045.20000,8.1,1.090230,0.0100
59045.20000,8.2,1.090780,0.0100
59045.20000,8.3,1.099050,0.0100
59045.20000,8.4,1.090896,0.0100
59045.20000,8.5,1.098003,0.0100
59045.20000,8.6,1.115860,0.0100
59045.20000,8.7,1.103817,0.0100
59045.20000,8.8,1.091845,0.0100
59045.20000,8.9,1.107118,0.0100
59045.20000,9.0,1.091025,0.0100
59045.20000,9.1,1.074724,0.0100
59045.20000,9.2,1.085025,0.0100
59045.20000,9.3,1.076398,0.0100
59045.20000,9.4,1.091591,0.0100
59045.20000,9.5,1.095290,0.0100
59045.20000,9.6,1.111870,0.0100
59045.20000,9.7,1.098375,0.0100
59045.20000,9.8,1.092915,0.0100
59045.20000,9.9,1.103400,0.0100
59045.20000,10.0,1.072994,0.0100
59045.24000,0.5,1.102159,0.0100
59045.24000,0.6,1.107511,0.0100
59045.24000,0.7,1.085017,0.0100
59045.24000,0.8,1.111240,0.0100
59045.24000,0.9,1.103188,0.0100
59045.24000,1.0,1.095650,0.0100
59045.24000,1.1,1.106130,0.0100
59045.24000,1.2,1.122510,0.0100
59045.24000,1.3,1.101621,0.0100
59045.24000,1.4,1.102285,0.0100
59045.24000,1.5,1.095209,0.0100
59045.24000,1.6,1.091304,0.0100
59045.24000,1.7,1.108106,0.0100
59045.24000,1.8,1.091242,0.0100
59045.24000,1.9,1.100518,0.0100
59045.24000,2.0,1.095026,0.0100
59045.24000,2.1,1.104592,0.0100
59045.24000,2.2,1.103139,0.0100
59045.24000,2.3,1.110178,0.0100
59045.24000,2.4,1.094703,0.0100
59045.24000,2.5,1.097104,0.0100
59045.24000,2.6,1.090015,0.0100
59045.24000,2.7,1.095360,0.0100
59045.24000,2.8,1.103576,0.0100
59045.24000,2.9,1.107373,0.0100
59045.24000,3.0,1.090581,0.0100
59045.24000,3.1,1.108499,0.0100
59045.24000,3.2,1.113359,0.0100
59045.24000,3.3,1.103937,0.0100
59045.24000,3.4,1.118571,0.0100
59045.24000,3.5,1.092065,0.0100
59045.24000,3.6,1.087356,0.0100
59045.24000,3.7,1.082015,0.0100
59045.24000,3.8,1.114763,0.0100
59045.24000,3.9,1.106346,0.0100
59045.24000,4.0,1.099247,0.0100
59045.24000,4.1,1.102602,0.0100
59045.24000,4.2,1.088548,0.0100
59045.24000,4.3,1.124260,0.0100
59045.24000,4.4,1.101095,0.0100
59045.24000,4.5,1.100897,0.0100
59045.24000,4.6,1.107060,0.0100
59045.24000,4.7,1.104613,0.0100
59045.24000,4.8,1.102042,0.0100
59045.24000,4.9,1.091898,0.0100
59045.24000,5.0,1.104517,0.0100
59045.24000,5.1,1.118623,0.0100
59045.24000,5.2,1.113257,0.0100
59045.24000,5.3,1.115735,0.0100
59045.24000,5.4,1.094691,0.0100
59045.24000,5.5,1.089907,0.0100
59045.24000,5.6,1.098545,0.0100
59045.24000,5.7,1.100360,0.0100
59045.24000,5.8,1.110745,0.0100
59045.24000,5.9,1.082878,0.0100
59045.24000,6.0,1.115098,0.0100
59045.24000,6.1,1.098223,0.0100
59045.24000,6.2,1.095534,0.0100
59045.24000,6.3,1.089682,0.0100
59045.24000,6.4,1.083254,0.0100
59045.24000,6.5,1.108034,0.0100
59045.24000,6.6,1.100536,0.0100
59045.24000,6.7,1.086903,0.0100
59045.24000,6.8,1.086852,0.0100
59045.24000,6.9,1.096445,0.0100
59045.24000,7.0,1.116493,0.0100
59045.24000,7.1,1.097207,0.0100
59045.24000,7.2,1.084771,0.0100
59045.24000,7.3,1.097345,0.0100
59045.24000,7.4,1.097075,0.0100
59045.24000,7.5,1.072834,0.0100
59045.24000,7.6,1.099260,0.0100
59045.24000,7.7,1.097493,0.0100
59045.24000,7.8,1.106765,0.0100
59045.24000,7.9,1.118292,0.0100
59045.24000,8.0,1.111068,0.0100
59045.24000,8.1,1.097114,0.0100
59045.24000,8.2,1.088737,0.0100
59045.24000,8.3,1.125536,0.0100
59045.24000,8.4,1.100395,0.0100
59045.24000,8.5,1.099942,0.0100
59045.24000,8.6,1.099561,0.0100
59045.24000,8.7,1.101784,0.0100
59045.24000,8.8,1.098359,0.0100
59045.24000,8.9,1.094066,0.0100
59045.24000,9.0,1.094334,0.0100
59045.24000,9.1,1.099475,0.0100
59045.24000,9.2,1.094368,0.0100
59045.24000,9.3,1.092674,0.0100
59045.24000,9.4,1.100867,0.0100
59045.24000,9.5,1.097253,0.0100
59045.24000,9.6,1.114843,0.0100
59045.24000,9.7,1.073293,0.0100
59045.24000,9.8,1.110718,0.0100
59045.24000,9.9,1.112264,0.0100
59045.24000,10.0,1.079069,0.0100
59045.28000,0.5,1.094802,0.0100
59045.28000,0.6,1.094514,0.0100
59045.28000,0.7,1.084154,0.0100
59045.28000,0.8,1.090451,0.0100
59045.28000,0.9,1.087123,0.0100
59045.28000,1.0,1.115751,0.0100
59045.28000,1.1,1.107586,0.0100
59045.28000,1.2,1.110944,0.0100
59045.28000,1.3,1.105445,0.0100
59045.28000,1.4,1.086938,0.0100
59045.28000,1.5,1.092984,0.0100
59045.28000,1.6,1.103122,0.0100
59045.28000,1.7,1.086007,0.0100
59045.28000,1.8,1.105359,0.0100
59045.28000,1.9,1.095825,0.0100
59045.28000,2.0,1.094481,0.0100
59045.28000,2.1,1.105338,0.0100
59045.28000,2.2,1.102671,0.0100
59045.28000,2.3,1.094619,0.0100
59045.28000,2.4,1.109822,0.0100
59045.28000,2.5,1.087418,0.0100
59045.28000,2.6,1.104388,0.0100
59045.28000,2.7,1.104160,0.0100
59045.28000,2.8,1.095133,0.0100
59045.28000,2.9,1.101490,0.0100
59045.28000,3.0,1.085718,0.0100
59045.28000,3.1,1.107469,0.0100
59045.28000,3.2,1.096380,0.0100
59045.28000,3.3,1.093001,0.0100
59045.28000,3.4,1.108719,0.0100
59045.28000,3.5,1.091185,0.0100
59045.28000,3.6,1.084144,0.0100
59045.28000,3.7,1.082662,0.0100
59045.28000,3.8,1.104289,0.0100
59045.28000,3.9,1.085424,0.0100
59045.28000,4.0,1.115777,0.0100
59045.28000,4.1,1.077409,0.0100
59045.28000,4.2,1.115193,0.0100
59045.28000,4.3,1.100339,0.0100
59045.28000,4.4,1.097262,0.0100
59045.28000,4.5,1.092780,0.0100
59045.28000,4.6,1.102220,0.0100
59045.28000,4.7,1.097852,0.0100
59045.28000,4.8,1.109262,0.0100
59045.28000,4.9,1.099371,0.0100
59045.28000,5.0,1.099732,0.0100
59045.28000,5.1,1.094593,0.0100
59045.28000,5.2,1.097659,0.0100
59045.28000,5.3,1.101307,0.0100
59045.28000,5.4,1.081127,0.0100
59045.28000,5.5,1.084747,0.0100
59045.28000,5.6,1.105661,0.0100
59045.28000,5.7,1.099937,0.0100
59045.28000,5.8,1.096389,0.0100
59045.28000,5.9,1.098413,0.0100
59045.28000,6.0,1.101705,0.0100
59045.28000,6.1,1.092831,0.0100
59045.28000,6.2,1.090446,0.0100
59045.28000,6.3,1.100187,0.0100
59045.28000,6.4,1.088445,0.0100
59045.28000,6.5,1.102311,0.0100
59045.28000,6.6,1.081203,0.0100
59045.28000,6.7,1.108520,0.0100
59045.28000,6.8,1.102955,0.0100
59045.28000,6.9,1.100789,0.0100
59045.28000,7.0,1.108056,0.0100
59045.28000,7.1,1.114883,0.0100
59045.28000,7.2,1.108372,0.0100
59045.28000,7.3,1.079820,0.0100
59045.28000,7.4,1.085433,0.0100
59045.28000,7.5,1.091981,0.0100
59045.28000,7.6,1.098490,0.0100
59045.28000,7.7,1.103405,0.0100
59045.28000,7.8,1.090971,0.0100
59045.28000,7.9,1.100096,0.0100
59045.28000,8.0,1.090675,0.0100
59045.28000,8.1,1.092114,0.0100
59045.28000,8.2,1.084162,0.0100
59045.28000,8.3,1.088996,0.0100
59045.28000,8.4,1.084712,0.0100
59045.28000,8.5,1.088470,0.0100
59045.28000,8.6,1.108765,0.0100
59045.28000,8.7,1.088735,0.0100
59045.28000,8.8,1.124553,0.0100
59045.28000,8.9,1.103162,0.0100
59045.28000,9.0,1.100077,0.0100
59045.28000,9.1,1.089645,0.0100
59045.28000,9.2,1.105232,0.0100
59045.28000,9.3,1.092472,0.0100
59045.28000,9.4,1.099449,0.0100
59045.28000,9.5,1.123830,0.0100
59045.28000,9.6,1.097268,0.0100
59045.28000,9.7,1.109721,0.0100
59045.28000,9.8,1.091197,0.0100
59045.28000,9.9,1.097879,0.0100
59045.28000,10.0,1.115937,0.0100
59045.32000,0.5,1.084213,0.0100
59045.32000,0.6,1.108607,0.0100
59045.32000,0.7,1.097560,0.0100
59045.32000,0.8,1.084858,0.0100
59045.32000,0.9,1.096807,0.0100
59045.32000,1.0,1.100208,0.0100
59045.32000,1.1,1.096701,0.0100
59045.32000,1.2,1.074780,0.0100
59045.32000,1.3,1.083211,0.0100
59045.32000,1.4,1.088008,0.0100
59045.32000,1.5,1.089738,0.0100
59045.32000,1.6,1.096689,0.0100
59045.32000,1.7,1.092260,0.0100
59045.32000,1.8,1.077129,0.0100
59045.32000,1.9,1.094285,0.0100
59045.32000,2.0,1.096589,0.0100
59045.32000,2.1,1.096081,0.0100
59045.32000,2.2,1.101291,0.0100
59045.32000,2.3,1.098822,0.0100
59045.32000,2.4,1.095075,0.0100
59045.32000,2.5,1.089781,0.0100
59045.32000,2.6,1.073873,0.0100
59045.32000,2.7,1.094779,0.0100
59045.32000,2.8,1.092560,0.0100
59045.32000,2.9,1.093198,0.0100
59045.32000,3.0,1.077715,0.0100
59045.32000,3.1,1.079672,0.0100
59045.32000,3.2,1.101014,0.0100
59045.32000,3.3,1.090087,0.0100
59045.32000,3.4,1.097298,0.0100
59045.32000,3.5,1.090766,0.0100
59045.32000,3.6,1.090780,0.0100
59045.32000,3.7,1.099866,0.0100
59045.32000,3.8,1.085322,0.0100
59045.32000,3.9,1.091444,0.0100
59045.32000,4.0,1.085860,0.0100
59045.32000,4.1,1.086138,0.0100
59045.32000,4.2,1.087391,0.0100
59045.32000,4.3,1.092704,0.0100
59045.32000,4.4,1.085695,0.0100
59045.32000,4.5,1.103040,0.0100
59045.32000,4.6,1.081537,0.0100
59045.32000,4.7,1.088614,0.0100
59045.32000,4.8,1.086085,0.0100
59045.32000,4.9,1.104952,0.0100
59045.32000,5.0,1.092448,0.0100
59045.32000,5.1,1.100801,0.0100
59045.32000,5.2,1.075627,0.0100
59045.32000,5.3,1.093153,0.0100
59045.32000,5.4,1.099379,0.0100
59045.32000,5.5,1.091306,0.0100
59045.32000,5.6,1.101138,0.0100
59045.32000,5.7,1.085310,0.0100
59045.32000,5.8,1.104576,0.0100
59045.32000,5.9,1.113472,0.0100
59045.32000,6.0,1.086854,0.0100
59045.32000,6.1,1.086028,0.0100
59045.32000,6.2,1.105017,0.0100
59045.32000,6.3,1.106278,0.0100
59045.32000,6.4,1.085254,0.0100
59045.32000,6.5,1.086281,0.0100
59045.32000,6.6,1.087665,0.0100
59045.32000,6.7,1.077038,0.0100
59045.32000,6.8,1.081296,0.0100
59045.32000,6.9,1.080441,0.0100
59045.32000,7.0,1.082805,0.0100
59045.32000,7.1,1.090136,0.0100
59045.32000,7.2,1.092825,0.0100
59045.32000,7.3,1.105988,0.0100
59045.32000,7.4,1.080499,0.0100
59045.32000,7.5,1.100326,0.0100
59045.32000,7.6,1.088343,0.0100
59045.32000,7.7,1.089988,0.0100
59045.32000,7.8,1.097231,0.0100
59045.32000,7.9,1.079255,0.0100
59045.32000,8.0,1.094307,0.0100
59045.32000,8.1,1.092147,0.0100
59045.32000,8.2,1.095407,0.0100
59045.32000,8.3,1.093374,0.0100
59045.32000,8.4,1.115036,0.0100
59045.32000,8.5,1.084105,0.0100
59045.32000,8.6,1.085173,0.0100
59045.32000,8.7,1.084251,0.0100
59045.32000,8.8,1.084928,0.0100
59045.32000,8.9,1.084109,0.0100
59045.32000,9.0,1.102373,0.0100
59045.32000,9.1,1.104688,0.0100
59045.32000,9.2,1.084775,0.0100
59045.32000,9.3,1.082159,0.0100
59045.32000,9.4,1.095197,0.0100
59045.32000,9.5,1.084960,0.0100
59045.32000,9.6,1.096812,0.0100
59045.32000,9.7,1.092512,0.0100
59045.32000,9.8,1.075325,0.0100
59045.32000,9.9,1.105958,0.0100
59045.32000,10.0,1.108441,0.0100
59045.36000,0.5,1.070923,0.0100
59045.36000,0.6,1.073174,0.0100
59045.36000,0.7,1.079910,0.0100
59045.36000,0.8,1.080396,0.0100
59045.36000,0.9,1.083637,0.0100
59045.36000,1.0,1.097153,0.0100
59045.36000,1.1,1.075282,0.0100
59045.36000,1.2,1.069068,0.0100
59045.36000,1.3,1.063258,0.0100
59045.36000,1.4,1.069742,0.0100
59045.36000,1.5,1.076720,0.0100
59045.36000,1.6,1.094997,0.0100
59045.36000,1.7,1.071875,0.0100
59045.36000,1.8,1.079289,0.0100
59045.36000,1.9,1.076887,0.0100
59045.36000,2.0,1.088935,0.0100
59045.36000,2.1,1.102321,0.0100
59045.36000,2.2,1.071743,0.0100
59045.36000,2.3,1.072157,0.0100
59045.36000,2.4,1.087493,0.0100
59045.36000,2.5,1.083870,0.0100
59045.36000,2.6,1.095518,0.0100
59045.36000,2.7,1.082891,0.0100
59045.36000,2.8,1.073458,0.0100
59045.36000,2.9,1.082958,0.0100
59045.36000,3.0,1.088138,0.0100
59045.36000,3.1,1.085256,0.0100
59045.36000,3.2,1.082124,0.0100
59045.36000,3.3,1.087718,0.0100
59045.36000,3.4,1.088744,0.0100
59045.36000,3.5,1.090873,0.0100
59045.36000,3.6,1.083538,0.0100
59045.36000,3.7,1.075380,0.0100
59045.36000,3.8,1.078518,0.0100
59045.36000,3.9,1.089116,0.0100
59045.36000,4.0,1.068882,0.0100
59045.36000,4.1,1.080738,0.0100
59045.36000,4.2,1.073118,0.0100
59045.36000,4.3,1.077339,0.0100
59045.36000,4.4,1.089836,0.0100
59045.36000,4.5,1.078962,0.0100
59045.36000,4.6,1.077516,0.0100
59045.36000,4.7,1.063453,0.0100
59045.36000,4.8,1.084514,0.0100
59045.36000,4.9,1.083506,0.0100
59045.36000,5.0,1.098684,0.0100
59045.36000,5.1,1.073974,0.0100
59045.36000,5.2,1.079243,0.0100
59045.36000,5.3,1.079545,0.0100
59045.36000,5.4,1.092826,0.0100
59045.36000,5.5,1.076098,0.0100
59045.36000,5.6,1.079842,0.0100
59045.36000,5.7,1.083130,0.0100
59045.36000,5.8,1.078917,0.0100
59045.36000,5.9,1.072587,0.0100
59045.36000,6.0,1.078992,0.0100
59045.36000,6.1,1.087788,0.0100
59045.36000,6.2,1.066786,0.0100
59045.36000,6.3,1.078381,0.0100
59045.36000,6.4,1.070050,0.0100
59045.36000,6.5,1.089002,0.0100
59045.36000,6.6,1.061819,0.0100
59045.36000,6.7,1.071462,0.0100
59045.36000,6.8,1.080823,0.0100
59045.36000,6.9,1.092707,0.0100
59045.36000,7.0,1.076394,0.0100
59045.36000,7.1,1.071499,0.0100
59045.36000,7.2,1.095863,0.0100
59045.36000,7.3,1.062571,0.0100
59045.36000,7.4,1.055063,0.0100
59045.36000,7.5,1.081451,0.0100
59045.36000,7.6,1.072031,0.0100
59045.36000,7.7,1.066839,0.0100
59045.36000,7.8,1.084135,0.0100
59045.36000,7.9,1.079489,0.0100
59045.36000,8.0,1.071411,0.0100
59045.36000,8.1,1.064248,0.0100
59045.36000,8.2,1.085776,0.0100
59045.36000,8.3,1.083553,0.0100
59045.36000,8.4,1.076060,0.0100
59045.36000,8.5,1.095518,0.0100
59045.36000,8.6,1.066350,0.0100
59045.36000,8.7,1.061796,0.0100
59045.36000,8.8,1.070132,0.0100
59045.36000,8.9,1.076595,0.0100
59045.36000,9.0,1.079485,0.0100
59045.36000,9.1,1.074639,0.0100
59045.36000,9.2,1.080572,0.0100
59045.36000,9.3,1.064536,0.0100
59045.36000,9.4,1.091489,0.0100
59045.36000,9.5,1.076230,0.0100
59045.36000,9.6,1.088224,0.0100
59045.36000,9.7,1.080479,0.0100
59045.36000,9.8,1.081619,0.0100
59045.36000,9.9,1.082749,0.0100
59045.36000,10.0,1.081528,0.0100
59045.40000,0.5,1.065206,0.0100
59045.40000,0.6,1.072070,0.0100
59045.40000,0.7,1.060744,0.0100
59045.40000,0.8,1.065869,0.0100
59045.40000,0.9,1.057881,0.0100
59045.40000,1.0,1.073180,0.0100
59045.40000,1.1,1.052015,0.0100
59045.40000,1.2,1.076788,0.0100
59045.40000,1.3,1.058377,0.0100
59045.40000,1.4,1.044471,0.0100
59045.40000,1.5,1.060060,0.0100
59045.40000,1.6,1.051968,0.0100
59045.40000,1.7,1.067185,0.0100
59045.40000,1.8,1.052252,0.0100
59045.40000,1.9,1.054317,0.0100
59045.40000,2.0,1.039883,0.0100
59045.40000,2.1,1.054255,0.0100
59045.40000,2.2,1.034540,0.0100
59045.40000,2.3,1.042939,0.0100
59045.40000,2.4,1.066383,0.0100
59045.40000,2.5,1.066637,0.0100
59045.40000,2.6,1.063033,0.0100
59045.40000,2.7,1.049109,0.0100
59045.40000,2.8,1.058301,0.0100
59045.40000,2.9,1.058742,0.0100
59045.40000,3.0,1.047195,0.0100
59045.40000,3.1,1.073813,0.0100
59045.40000,3.2,1.067552,0.0100
59045.40000,3.3,1.056569,0.0100
59045.40000,3.4,1.059047,0.0100
59045.40000,3.5,1.060862,0.0100
59045.40000,3.6,1.038361,0.0100
59045.40000,3.7,1.056307,0.0100
59045.40000,3.8,1.051959,0.0100
59045.40000,3.9,1.048762,0.0100
59045.40000,4.0,1.055968,0.0100
59045.40000,4.1,1.076755,0.0100
59045.40000,4.2,1.065187,0.0100
59045.40000,4.3,1.053067,0.0100
59045.40000,4.4,1.064504,0.0100
59045.40000,4.5,1.072772,0.0100
59045.40000,4.6,1.068025,0.0100
59045.40000,4.7,1.059375,0.0100
59045.40000,4.8,1.052309,0.0100
59045.40000,4.9,1.065761,0.0100
59045.40000,5.0,1.062713,0.0100
59045.40000,5.1,1.067730,0.0100
59045.40000,5.2,1.065130,0.0100
59045.40000,5.3,1.069274,0.0100
59045.40000,5.4,1.053426,0.0100
59045.40000,5.5,1.071952,0.0100
59045.40000,5.6,1.060755,0.0100
59045.40000,5.7,1.079531,0.0100
59045.40000,5.8,1.051887,0.0100
59045.40000,5.9,1.076138,0.0100
59045.40000,6.0,1.060758,0.0100
59045.40000,6.1,1.052264,0.0100
59045.40000,6.2,1.053940,0.0100
59045.40000,6.3,1.055575,0.0100
59045.40000,6.4,1.063020,0.0100
59045.40000,6.5,1.064007,0.0100
59045.40000,6.6,1.053042,0.0100
59045.40000,6.7,1.058535,0.0100
59045.40000,6.8,1.080201,0.0100
59045.40000,6.9,1.076054,0.0100
59045.40000,7.0,1.063142,0.0100
59045.40000,7.1,1.059159,0.0100
59045.40000,7.2,1.059979,0.0100
59045.40000,7.3,1.064914,0.0100
59045.40000,7.4,1.048551,0.0100
59045.40000,7.5,1.056205,0.0100
59045.40000,7.6,1.042093,0.0100
59045.40000,7.7,1.062771,0.0100
59045.40000,7.8,1.065250,0.0100
59045.40000,7.9,1.053947,0.0100
59045.40000,8.0,1.074518,0.0100
59045.40000,8.1,1.046521,0.0100
59045.40000,8.2,1.044135,0.0100
59045.40000,8.3,1.061023,0.0100
59045.40000,8.4,1.069250,0.0100
59045.40000,8.5,1.075618,0.0100
59045.40000,8.6,1.054190,0.0100
59045.40000,8.7,1.069565,0.0100
59045.40000,8.8,1.058393,0.0100
59045.40000,8.9,1.057052,0.0100
59045.40000,9.0,1.067615,0.0100
59045.40000,9.1,1.065302,0.0100
59045.40000,9.2,1.043015,0.0100
59045.40000,9.3,1.073544,0.0100
59045.40000,9.4,1.072579,0.0100
59045.40000,9.5,1.052523,0.0100
59045.40000,9.6,1.062737,0.0100
59045.40000,9.7,1.063719,0.0100
59045.40000,9.8,1.061385,0.0100
59045.40000,9.9,1.053275,0.0100
59045.40000,10.0,1.052062,0.0100
59045.44000,0.5,1.036557,0.0100
59045.44000,0.6,1.048540,0.0100
59045.44000,0.7,1.042248,0.0100
59045.44000,0.8,1.033106,0.0100
59045.44000,0.9,1.044529,0.0100
59045.44000,1.0,1.008327,0.0100
59045.44000,1.1,1.048300,0.0100
59045.44000,1.2,1.019415,0.0100
59045.44000,1.3,1.033188,0.0100
59045.44000,1.4,1.025616,0.0100
59045.44000,1.5,1.023866,0.0100
59045.44000,1.6,1.048421,0.0100
59045.44000,1.7,1.032135,0.0100
59045.44000,1.8,1.040277,0.0100
59045.44000,1.9,1.036343,0.0100
59045.44000,2.0,1.041583,0.0100
59045.44000,2.1,1.037581,0.0100
59045.44000,2.2,1.023983,0.0100
59045.44000,2.3,1.046775,0.0100
59045.44000,2.4,1.031875,0.0100
59045.44000,2.5,1.021247,0.0100
59045.44000,2.6,1.032531,0.0100
59045.44000,2.7,1.051820,0.0100
59045.44000,2.8,1.045315,0.0100
59045.44000,2.9,1.033326,0.0100
59045.44000,3.0,1.033320,0.0100
59045.44000,3.1,1.033596,0.0100
59045.44000,3.2,1.057580,0.0100
59045.44000,3.3,1.040632,0.0100
59045.44000,3.4,1.041113,0.0100
59045.44000,3.5,1.047115,0.0100
59045.44000,3.6,1.039200,0.0100
59045.44000,3.7,1.034222,0.0100
59045.44000,3.8,1.034849,0.0100
59045.44000,3.9,1.036096,0.0100
59045.44000,4.0,1.036440,0.0100
59045.44000,4.1,1.044089,0.0100
59045.44000,4.2,1.037332,0.0100
59045.44000,4.3,1.044139,0.0100
59045.44000,4.4,1.036005,0.0100
59045.44000,4.5,1.037599,0.0100
59045.44000,4.6,1.016830,0.0100
59045.44000,4.7,1.045976,0.0100
59045.44000,4.8,1.040277,0.0100
59045.44000,4.9,1.046793,0.0100
59045.44000,5.0,1.007850,0.0100
59045.44000,5.1,1.057696,0.0100
59045.44000,5.2,1.035417,0.0100
59045.44000,5.3,1.047894,0.0100
59045.44000,5.4,1.026413,0.0100
59045.44000,5.5,1.042940,0.0100
59045.44000,5.6,1.026278,0.0100
59045.44000,5.7,1.030575,0.0100
59045.44000,5.8,1.055953,0.0100
59045.44000,5.9,1.034906,0.0100
59045.44000,6.0,1.038987,0.0100
59045.44000,6.1,1.045513,0.0100
59045.44000,6.2,1.041769,0.0100
59045.44000,6.3,1.038317,0.0100
59045.44000,6.4,1.040462,0.0100
59045.44000,6.5,1.060847,0.0100
59045.44000,6.6,1.036236,0.0100
59045.44000,6.7,1.038823,0.0100
59045.44000,6.8,1.047319,0.0100
59045.44000,6.9,1.047868,0.0100
59045.44000,7.0,1.048683,0.0100
59045.44000,7.1,1.043200,0.0100
59045.44000,7.2,1.025382,0.0100
59045.44000,7.3,1.053147,0.0100
59045.44000,7.4,1.025349,0.0100
59045.44000,7.5,1.039839,0.0100
59045.44000,7.6,1.029270,0.0100
59045.44000,7.7,1.036171,0.0100
59045.44000,7.8,1.040100,0.0100
59045.44000,7.9,1.040026,0.0100
59045.44000,8.0,1.041032,0.0100
59045.44000,8.1,1.052950,0.0100
59045.44000,8.2,1.041348,0.0100
59045.44000,8.3,1.034371,0.0100
59045.44000,8.4,1.046453,0.0100
59045.44000,8.5,1.048707,0.0100
59045.44000,8.6,1.024536,0.0100
59045.44000,8.7,1.042786,0.0100
59045.44000,8.8,1.043824,0.0100
59045.44000,8.9,1.033837,0.0100
59045.44000,9.0,1.050570,0.0100
59045.44000,9.1,1.035312,0.0100
59045.44000,9.2,1.038068,0.0100
59045.44000,9.3,1.035082,0.0100
59045.44000,9.4,1.036968,0.0100
59045.44000,9.5,1.025850,0.0100
59045.44000,9.6,1.022412,0.0100
59045.44000,9.7,1.052758,0.0100
59045.44000,9.8,1.028343,0.0100
59045.44000,9.9,1.026899,0.0100
59045.44000,10.0,1.015279,0.0100
59045.48000,0.5,1.006144,0.0100
59045.48000,0.6,0.999302,0.0100
59045.48000,0.7,1.028953,0.0100
59045.48000,0.8,1.022631,0.0100
59045.48000,0.9,1.005652,0.0100
59045.48000,1.0,1.035058,0.0100
59045.48000,1.1,1.022351,0.0100
59045.48000,1.2,1.009285,0.0100
59045.48000,1.3,0.987539,0.0100
59045.48000,1.4,1.035443,0.0100
59045.48000,1.5,0.998638,0.0100
59045.48000,1.6,0.996079,0.0100
59045.48000,1.7,1.022759,0.0100
59045.48000,1.8,1.036931,0.0100
59045.48000,1.9,1.026376,0.0100
59045.48000,2.0,1.018172,0.0100
59045.48000,2.1,1.018481,0.0100
59045.48000,2.2,1.021067,0.0100
59045.48000,2.3,1.020123,0.0100
59045.48000,2.4,1.015345,0.0100
59045.48000,2.5,1.013575,0.0100
59045.48000,2.6,1.011907,0.0100
59045.48000,2.7,1.004994,0.0100
59045.48000,2.8,1.009727,0.0100
59045.48000,2.9,0.995604,0.0100
59045.48000,3.0,1.011550,0.0100
59045.48000,3.1,1.002647,0.0100
59045.48000,3.2,1.001497,0.0100
59045.48000,3.3,1.014332,0.0100
59045.48000,3.4,1.026453,0.0100
59045.48000,3.5,1.021716,0.0100
59045.48000,3.6,0.996828,0.0100
59045.48000,3.7,1.002637,0.0100
59045.48000,3.8,1.021941,0.0100
59045.48000,3.9,1.002708,0.0100
59045.48000,4.0,1.010287,0.0100
59045.48000,4.1,1.018034,0.0100
59045.48000,4.2,1.002850,0.0100
59045.48000,4.3,1.013587,0.0100
59045.48000,4.4,0.999193,0.0100
59045.48000,4.5,1.006520,0.0100
59045.48000,4.6,1.015731,0.0100
59045.48000,4.7,0.996603,0.0100
59045.48000,4.8,1.016938,0.0100
59045.48000,4.9,1.012337,0.0100
59045.48000,5.0,1.018058,0.0100
59045.48000,5.1,1.014772,0.0100
59045.48000,5.2,1.026175,0.0100
59045.48000,5.3,1.013786,0.0100
59045.48000,5.4,1.008239,0.0100
59045.48000,5.5,1.013756,0.0100
59045.48000,5.6,1.017966,0.0100
59045.48000,5.7,1.013022,0.0100
59045.48000,5.8,1.012939,0.0100
59045.48000,5.9,1.005513,0.0100
59045.48000,6.0,1.005904,0.0100
59045.48000,6.1,0.998507,0.0100
59045.48000,6.2,1.030029,0.0100
59045.48000,6.3,1.000095,0.0100
59045.48000,6.4,1.005604,0.0100
59045.48000,6.5,1.005349,0.0100
59045.48000,6.6,1.021483,0.0100
59045.48000,6.7,1.009584,0.0100
59045.48000,6.8,1.025011,0.0100
59045.48000,6.9,1.005798,0.0100
59045.48000,7.0,1.015323,0.0100
59045.48000,7.1,1.004180,0.0100
59045.48000,7.2,1.033985,0.0100
59045.48000,7.3,1.000657,0.0100
59045.48000,7.4,1.015632,0.0100
59045.48000,7.5,1.018871,0.0100
59045.48000,7.6,1.016671,0.0100
59045.48000,7.7,1.010680,0.0100
59045.48000,7.8,1.011235,0.0100
59045.48000,7.9,1.012971,0.0100
59045.48000,8.0,1.011063,0.0100
59045.48000,8.1,1.022172,0.0100
59045.48000,8.2,1.034639,0.0100
59045.48000,8.3,1.006958,0.0100
59045.48000,8.4,0.998835,0.0100
59045.48000,8.5,1.011651,0.0100
59045.48000,8.6,1.038330,0.0100
59045.48000,8.7,1.004497,0.0100
59045.48000,8.8,1.028924,0.0100
59045.48000,8.9,1.029310,0.0100
59045.48000,9.0,1.006997,0.0100
59045.48000,9.1,1.018223,0.0100
59045.48000,9.2,1.028817,0.0100
59045.48000,9.3,1.008742,0.0100
59045.48000,9.4,1.010498,0.0100
59045.48000,9.5,1.006717,0.0100
59045.48000,9.6,1.002386,0.0100
59045.48000,9.7,1.006041,0.0100
59045.48000,9.8,1.000294,0.0100
59045.48000,9.9,1.012874,0.0100
59045.48000,10.0,1.004834,0.0100
59045.52000,0.5,0.989805,0.0100
59045.52000,0.6,0.971908,0.0100
59045.52000,0.7,0.990775,0.0100
59045.52000,0.8,0.995802,0.0100
59045.52000,0.9,0.967529,0.0100
59045.52000,1.0,0.991207,0.0100
59045.52000,1.1,0.999743,0.0100
59045.52000,1.2,0.975370,0.0100
59045.52000,1.3,1.004192,0.0100
59045.52000,1.4,0.991657,0.0100
59045.52000,1.5,0.980417,0.0100
59045.52000,1.6,0.986909,0.0100
59045.52000,1.7,0.993050,0.0100
59045.52000,1.8,0.988227,0.0100
59045.52000,1.9,0.992854,0.0100
59045.52000,2.0,0.978260,0.0100
59045.52000,2.1,0.989160,0.0100
59045.52000,2.2,0.973330,0.0100
59045.52000,2.3,0.986354,0.0100
59045.52000,2.4,0.978428,0.0100
59045.52000,2.5,0.980111,0.0100
59045.52000,2.6,0.999828,0.0100
59045.52000,2.7,0.998380,0.0100
59045.52000,2.8,0.993558,0.0100
59045.52000,2.9,0.976544,0.0100
59045.52000,3.0,0.984303,0.0100
59045.52000,3.1,0.999598,0.0100
59045.52000,3.2,0.988884,0.0100
59045.52000,3.3,1.010660,0.0100
59045.52000,3.4,0.991400,0.0100
59045.52000,3.5,0.989387,0.0100
59045.52000,3.6,0.984376,0.0100
59045.52000,3.7,0.988802,0.0100
59045.52000,3.8,0.985942,0.0100
59045.52000,3.9,0.994548,0.0100
59045.52000,4.0,0.997034,0.0100
59045.52000,4.1,0.979607,0.0100
59045.52000,4.2,0.974154,0.0100
59045.52000,4.3,0.969105,0.0100
59045.52000,4.4,0.992547,0.0100
59045.52000,4.5,0.976433,0.0100
59045.52000,4.6,0.965938,0.0100
59045.52000,4.7,0.991352,0.0100
59045.52000,4.8,1.012397,0.0100
59045.52000,4.9,0.987406,0.0100
59045.52000,5.0,0.995852,0.0100
59045.52000,5.1,0.988285,0.0100
59045.52000,5.2,0.986478,0.0100
59045.52000,5.3,0.996657,0.0100
59045.52000,5.4,0.984564,0.0100
59045.52000,5.5,0.990141,0.0100
59045.52000,5.6,0.990684,0.0100
59045.52000,5.7,0.980786,0.0100
59045.52000,5.8,0.997387,0.0100
59045.52000,5.9,0.985717,0.0100
59045.52000,6.0,0.979909,0.0100
59045.52000,6.1,0.992832,0.0100
59045.52000,6.2,0.978482,0.0100
59045.52000,6.3,0.987748,0.0100
59045.52000,6.4,0.987375,0.0100
59045.52000,6.5,0.998326,0.0100
59045.52000,6.6,0.992214,0.0100
59045.52000,6.7,0.987216,0.0100
59045.52000,6.8,0.995644,0.0100
59045.52000,6.9,1.001369,0.0100
59045.52000,7.0,0.993045,0.0100
59045.52000,7.1,0.987570,0.0100
59045.52000,7.2,0.974348,0.0100
59045.52000,7.3,0.976816,0.0100
59045.52000,7.4,0.984414,0.0100
59045.52000,7.5,0.981372,0.0100
59045.52000,7.6,0.985597,0.0100
59045.52000,7.7,0.988033,0.0100
59045.52000,7.8,0.992764,0.0100
59045.52000,7.9,0.986762,0.0100
59045.52000,8.0,0.992332,0.0100
59045.52000,8.1,0.988111,0.0100
59045.52000,8.2,0.967712,0.0100
59045.52000,8.3,0.978073,0.0100
59045.52000,8.4,0.986026,0.0100
59045.52000,8.5,0.975370,0.0100
59045.52000,8.6,0.993466,0.0100
59045.52000,8.7,1.002774,0.0100
59045.52000,8.8,0.999654,0.0100
59045.52000,8.9,0.985332,0.0100
59045.52000,9.0,1.002374,0.0100
59045.52000,9.1,0.988953,0.0100
59045.52000,9.2,0.984096,0.0100
59045.52000,9.3,0.981333,0.0100
59045.52000,9.4,0.984442,0.0100
59045.52000,9.5,0.983585,0.0100
59045.52000,9.6,0.989171,0.0100
59045.52000,9.7,0.989072,0.0100
59045.52000,9.8,0.987497,0.0100
59045.52000,9.9,0.991836,0.0100
59045.52000,10.0,0.999373,0.0100
59045.56000,0.5,0.972683,0.0100
59045.56000,0.6,0.948339,0.0100
59045.56000,0.7,0.937648,0.0100
59045.56000,0.8,0.972531,0.0100
59045.56000,0.9,0.949519,0.0100
59045.56000,1.0,0.960940,0.0100
59045.56000,1.1,0.951486,0.0100
59045.56000,1.2,0.945168,0.0100
59045.56000,1.3,0.968602,0.0100
59045.56000,1.4,0.970779,0.0100
59045.56000,1.5,0.957422,0.0100
59045.56000,1.6,0.937277,0.0100
59045.56000,1.7,0.957725,0.0100
59045.56000,1.8,0.967106,0.0100
59045.56000,1.9,0.948398,0.0100
59045.56000,2.0,0.965021,0.0100
59045.56000,2.1,0.963034,0.0100
59045.56000,2.2,0.968980,0.0100
59045.56000,2.3,0.964383,0.0100
59045.56000,2.4,0.953457,0.0100
59045.56000,2.5,0.975153,0.0100
59045.56000,2.6,0.961602,0.0100
59045.56000,2.7,0.962914,0.0100
59045.56000,2.8,0.953855,0.0100
59045.56000,2.9,0.958755,0.0100
59045.56000,3.0,0.954340,0.0100
59045.56000,3.1,0.961458,0.0100
59045.56000,3.2,0.980305,0.0100
59045.56000,3.3,0.949469,0.0100
59045.56000,3.4,0.947052,0.0100
59045.56000,3.5,0.977899,0.0100
59045.56000,3.6,0.961094,0.0100
59045.56000,3.7,0.956497,0.0100
59045.56000,3.8,0.973587,0.0100
59045.56000,3.9,0.957131,0.0100
59045.56000,4.0,0.981448,0.0100
59045.56000,4.1,0.969967,0.0100
59045.56000,4.2,0.958308,0.0100
59045.56000,4.3,0.984761,0.0100
59045.56000,4.4,0.957130,0.0100
59045.56000,4.5,0.970608,0.0100
59045.56000,4.6,0.966180,0.0100
59045.56000,4.7,0.976205,0.0100
59045.56000,4.8,0.978803,0.0100
59045.56000,4.9,0.963508,0.0100
59045.56000,5.0,0.955653,0.0100
59045.56000,5.1,0.967787,0.0100
59045.56000,5.2,0.956410,0.0100
59045.56000,5.3,0.983321,0.0100
59045.56000,5.4,0.964553,0.0100
59045.56000,5.5,0.959534,0.0100
59045.56000,5.6,0.965034,0.0100
59045.56000,5.7,0.949716,0.0100
59045.56000,5.8,0.953471,0.0100
59045.56000,5.9,0.975192,0.0100
59045.56000,6.0,0.956619,0.0100
59045.56000,6.1,0.952718,0.0100
59045.56000,6.2,0.968554,0.0100
59045.56000,6.3,0.975045,0.0100
59045.56000,6.4,0.970377,0.0100
59045.56000,6.5,0.973148,0.0100
59045.56000,6.6,0.955620,0.0100
59045.56000,6.7,0.948969,0.0100
59045.56000,6.8,0.978201,0.0100
59045.56000,6.9,0.959961,0.0100
59045.56000,7.0,0.960679,0.0100
59045.56000,7.1,0.976469,0.0100
59045.56000,7.2,0.968750,0.0100
59045.56000,7.3,0.967746,0.0100
59045.56000,7.4,0.984838,0.0100
59045.56000,7.5,0.956752,0.0100
59045.56000,7.6,0.972466,0.0100
59045.56000,7.7,0.963758,0.0100
59045.56000,7.8,0.965873,0.0100
59045.56000,7.9,0.978472,0.0100
59045.56000,8.0,0.968266,0.0100
59045.56000,8.1,0.968571,0.0100
59045.56000,8.2,0.973913,0.0100
59045.56000,8.3,0.959538,0.0100
59045.56000,8.4,0.954795,0.0100
59045.56000,8.5,0.952739,0.0100
59045.56000,8.6,0.943524,0.0100
59045.56000,8.7,0.983750,0.0100
59045.56000,8.8,0.952155,0.0100
59045.56000,8.9,0.960975,0.0100
59045.56000,9.0,0.960419,0.0100
59045.56000,9.1,0.966262,0.0100
59045.56000,9.2,0.971345,0.0100
59045.56000,9.3,0.971792,0.0100
59045.56000,9.4,0.957357,0.0100
59045.56000,9.5,0.961516,0.0100
59045.56000,9.6,0.966013,0.0100
59045.56000,9.7,0.960701,0.0100
59045.56000,9.8,0.979261,0.0100
59045.56000,9.9,0.968097,0.0100
59045.56000,10.0,0.970536,0.0100
59045.60000,0.5,0.947850,0.0100
59045.60000,0.6,0.952956,0.0100
59045.60000,0.7,0.943032,0.0100
59045.60000,0.8,0.928253,0.0100
59045.60000,0.9,0.945218,0.0100
59045.60000,1.0,0.934708,0.0100
59045.60000,1.1,0.935935,0.0100
59045.60000,1.2,0.947085,0.0100
59045.60000,1.3,0.953604,0.0100
59045.60000,1.4,0.941434,0.0100
59045.60000,1.5,0.944310,0.0100
59045.60000,1.6,0.958244,0.0100
59045.60000,1.7,0.943629,0.0100
59045.60000,1.8,0.967238,0.0100
59045.60000,1.9,0.946877,0.0100
59045.60000,2.0,0.923614,0.0100
59045.60000,2.1,0.948755,0.0100
59045.60000,2.2,0.945033,0.0100
59045.60000,2.3,0.954119,0.0100
59045.60000,2.4,0.947953,0.0100
59045.60000,2.5,0.939837,0.0100
59045.60000,2.6,0.928978,0.0100
59045.60000,2.7,0.939131,0.0100
59045.60000,2.8,0.932716,0.0100
59045.60000,2.9,0.935416,0.0100
59045.60000,3.0,0.947107,0.0100
59045.60000,3.1,0.957921,0.0100
59045.60000,3.2,0.945168,0.0100
59045.60000,3.3,0.929263,0.0100
59045.60000,3.4,0.945668,0.0100
59045.60000,3.5,0.953188,0.0100
59045.60000,3.6,0.935124,0.0100
59045.60000,3.7,0.939881,0.0100
59045.60000,3.8,0.941368,0.0100
59045.60000,3.9,0.933372,0.0100
59045.60000,4.0,0.947704,0.0100
59045.60000,4.1,0.940012,0.0100
59045.60000,4.2,0.945417,0.0100
59045.60000,4.3,0.932347,0.0100
59045.60000,4.4,0.936847,0.0100
59045.60000,4.5,0.948445,0.0100
59045.60000,4.6,0.937493,0.0100
59045.60000,4.7,0.958491,0.0100
59045.60000,4.8,0.937225,0.0100
59045.60000,4.9,0.943468,0.0100
59045.60000,5.0,0.950547,0.0100
59045.60000,5.1,0.927038,0.0100
59045.60000,5.2,0.923613,0.0100
59045.60000,5.3,0.925965,0.0100
59045.60000,5.4,0.953847,0.0100
59045.60000,5.5,0.935703,0.0100
59045.60000,5.6,0.966803,0.0100
59045.60000,5.7,0.935579,0.0100
59045.60000,5.8,0.943067,0.0100
59045.60000,5.9,0.956643,0.0100
59045.60000,6.0,0.961282,0.0100
59045.60000,6.1,0.961837,0.0100
59045.60000,6.2,0.953305,0.0100
59045.60000,6.3,0.951462,0.0100
59045.60000,6.4,0.947147,0.0100
59045.60000,6.5,0.949005,0.0100
59045.60000,6.6,0.935710,0.0100
59045.60000,6.7,0.933039,0.0100
59045.60000,6.8,0.941188,0.0100
59045.60000,6.9,0.939520,0.0100
59045.60000,7.0,0.936689,0.0100
59045.60000,7.1,0.948185,0.0100
59045.60000,7.2,0.950775,0.0100
59045.60000,7.3,0.942106,0.0100
59045.60000,7.4,0.955997,0.0100
59045.60000,7.5,0.929805,0.0100
59045.60000,7.6,0.939285,0.0100
59045.60000,7.7,0.934053,0.0100
59045.60000,7.8,0.922556,0.0100
59045.60000,7.9,0.940395,0.0100
59045.60000,8.0,0.940004,0.0100
59045.60000,8.1,0.956356,0.0100
59045.60000,8.2,0.947530,0.0100
59045.60000,8.3,0.930980,0.0100
59045.60000,8.4,0.959762,0.0100
59045.60000,8.5,0.953432,0.0100
59045.60000,8.6,0.947042,0.0100
59045.60000,8.7,0.938957,0.0100
59045.60000,8.8,0.931627,0.0100
59045.60000,8.9,0.937499,0.0100
59045.60000,9.0,0.952109,0.0100
59045.60000,9.1,0.960067,0.0100
59045.60000,9.2,0.956654,0.0100
59045.60000,9.3,0.936333,0.0100
59045.60000,9.4,0.930025,0.0100
59045.60000,9.5,0.942630,0.0100
59045.60000,9.6,0.923537,0.0100
59045.60000,9.7,0.944453,0.0100
59045.60000,9.8,0.939745,0.0100
59045.60000,9.9,0.936561,0.0100
59045.60000,10.0,0.925274,0.0100
59045.64000,0.5,0.928085,0.0100
59045.64000,0.6,0.917622,0.0100
59045.64000,0.7,0.911250,0.0100
59045.64000,0.8,0.894226,0.0100
59045.64000,0.9,0.922674,0.0100
59045.64000,1.0,0.940671,0.0100
59045.64000,1.1,0.939561,0.0100
59045.64000,1.2,0.918378,0.0100
59045.64000,1.3,0.916927,0.0100
59045.64000,1.4,0.927636,0.0100
59045.64000,1.5,0.912965,0.0100
59045.64000,1.6,0.925967,0.0100
59045.64000,1.7,0.930609,0.0100
59045.64000,1.8,0.935218,0.0100
59045.64000,1.9,0.921947,0.0100
59045.64000,2.0,0.920912,0.0100
59045.64000,2.1,0.914169,0.0100
59045.64000,2.2,0.914680,0.0100
59045.64000,2.3,0.920684,0.0100
59045.64000,2.4,0.926622,0.0100
59045.64000,2.5,0.932085,0.0100
59045.64000,2.6,0.914917,0.0100
59045.64000,2.7,0.937876,0.0100
59045.64000,2.8,0.920237,0.0100
59045.64000,2.9,0.922735,0.0100
59045.64000,3.0,0.915477,0.0100
59045.64000,3.1,0.898706,0.0100
59045.64000,3.2,0.931789,0.0100
59045.64000,3.3,0.930317,0.0100
59045.64000,3.4,0.920135,0.0100
59045.64000,3.5,0.923619,0.0100
59045.64000,3.6,0.928108,0.0100
59045.64000,3.7,0.907323,0.0100
59045.64000,3.8,0.917658,0.0100
59045.64000,3.9,0.930891,0.0100
59045.64000,4.0,0.910406,0.0100
59045.64000,4.1,0.925884,0.0100
59045.64000,4.2,0.909383,0.0100
59045.64000,4.3,0.927613,0.0100
59045.64000,4.4,0.922592,0.0100
59045.64000,4.5,0.906797,0.0100
59045.64000,4.6,0.934596,0.0100
59045.64000,4.7,0.915603,0.0100
59045.64000,4.8,0.914846,0.0100
59045.64000,4.9,0.924954,0.0100
59045.64000,5.0,0.934435,0.0100
59045.64000,5.1,0.912790,0.0100
59045.64000,5.2,0.923565,0.0100
59045.64000,5.3,0.927237,0.0100
59045.64000,5.4,0.929880,0.0100
59045.64000,5.5,0.924713,0.0100
59045.64000,5.6,0.919278,0.0100
59045.64000,5.7,0.914673,0.0100
59045.64000,5.8,0.923810,0.0100
59045.64000,5.9,0.912227,0.0100
59045.64000,6.0,0.893735,0.0100
59045.64000,6.1,0.927314,0.0100
59045.64000,6.2,0.931988,0.0100
59045.64000,6.3,0.899319,0.0100
59045.64000,6.4,0.912851,0.0100
59045.64000,6.5,0.929140,0.0100
59045.64000,6.6,0.943524,0.0100
59045.64000,6.7,0.923157,0.0100
59045.64000,6.8,0.915669,0.0100
59045.64000,6.9,0.921120,0.0100
59045.64000,7.0,0.936697,0.0100
59045.64000,7.1,0.916489,0.0100
59045.64000,7.2,0.914957,0.0100
59045.64000,7.3,0.918121,0.0100
59045.64000,7.4,0.913415,0.0100
59045.64000,7.5,0.924175,0.0100
59045.64000,7.6,0.939195,0.0100
59045.64000,7.7,0.926179,0.0100
59045.64000,7.8,0.920425,0.0100
59045.64000,7.9,0.920031,0.0100
59045.64000,8.0,0.907317,0.0100
59045.64000,8.1,0.931780,0.0100
59045.64000,8.2,0.922170,0.0100
59045.64000,8.3,0.921144,0.0100
59045.64000,8.4,0.954880,0.0100
59045.64000,8.5,0.925936,0.0100
59045.64000,8.6,0.915431,0.0100
59045.64000,8.7,0.918685,0.0100
59045.64000,8.8,0.934433,0.0100
59045.64000,8.9,0.924081,0.0100
59045.64000,9.0,0.908566,0.0100
59045.64000,9.1,0.932141,0.0100
59045.64000,9.2,0.916267,0.0100
59045.64000,9.3,0.941682,0.0100
59045.64000,9.4,0.933749,0.0100
59045.64000,9.5,0.918475,0.0100
59045.64000,9.6,0.935759,0.0100
59045.64000,9.7,0.923627,0.0100
59045.64000,9.8,0.931476,0.0100
59045.64000,9.9,0.927796,0.0100
59045.64000,10.0,0.914485,0.0100
59045.68000,0.5,0.903082,0.0100
59045.68000,0.6,0.919817,0.0100
59045.68000,0.7,0.906170,0.0100
59045.68000,0.8,0.905481,0.0100
59045.68000,0.9,0.899966,0.0100
59045.68000,1.0,0.913753,0.0100
59045.68000,1.1,0.930143,0.0100
59045.68000,1.2,0.898842,0.0100
59045.68000,1.3,0.909759,0.0100
59045.68000,1.4,0.923640,0.0100
59045.68000,1.5,0.908721,0.0100
59045.68000,1.6,0.914041,0.0100
59045.68000,1.7,0.898893,0.0100
59045.68000,1.8,0.913800,0.0100
59045.68000,1.9,0.907646,0.0100
59045.68000,2.0,0.919375,0.0100
59045.68000,2.1,0.921391,0.0100
59045.68000,2.2,0.935413,0.0100
59045.68000,2.3,0.915314,0.0100
59045.68000,2.4,0.912775,0.0100
59045.68000,2.5,0.911461,0.0100
59045.68000,2.6,0.905986,0.0100
59045.68000,2.7,0.912902,0.0100
59045.68000,2.8,0.906563,0.0100
59045.68000,2.9,0.911202,0.0100
59045.68000,3.0,0.922693,0.0100
59045.68000,3.1,0.899452,0.0100
59045.68000,3.2,0.920916,0.0100
59045.68000,3.3,0.922688,0.0100
59045.68000,3.4,0.908337,0.0100
59045.68000,3.5,0.888299,0.0100
59045.68000,3.6,0.903439,0.0100
59045.68000,3.7,0.922487,0.0100
59045.68000,3.8,0.909289,0.0100
59045.68000,3.9,0.899524,0.0100
59045.68000,4.0,0.904470,0.0100
59045.68000,4.1,0.917923,0.0100
59045.68000,4.2,0.914985,0.0100
59045.68000,4.3,0.907128,0.0100
59045.68000,4.4,0.905849,0.0100
59045.68000,4.5,0.905600,0.0100
59045.68000,4.6,0.900293,0.0100
59045.68000,4.7,0.925671,0.0100
59045.68000,4.8,0.906294,0.0100
59045.68000,4.9,0.921689,0.0100
59045.68000,5.0,0.924730,0.0100
59045.68000,5.1,0.919500,0.0100
59045.68000,5.2,0.905201,0.0100
59045.68000,5.3,0.913555,0.0100
59045.68000,5.4,0.909275,0.0100
59045.68000,5.5,0.900480,0.0100
59045.68000,5.6,0.912761,0.0100
59045.68000,5.7,0.897727,0.0100
59045.68000,5.8,0.921394,0.0100
59045.68000,5.9,0.904871,0.0100
59045.68000,6.0,0.911529,0.0100
59045.68000,6.1,0.912350,0.0100
59045.68000,6.2,0.906928,0.0100
59045.68000,6.3,0.915384,0.0100
59045.68000,6.4,0.904768,0.0100
59045.68000,6.5,0.918230,0.0100
59045.68000,6.6,0.896057,0.0100
59045.68000,6.7,0.910781,0.0100
59045.68000,6.8,0.928907,0.0100
59045.68000,6.9,0.899514,0.0100
59045.68000,7.0,0.902740,0.0100
59045.68000,7.1,0.914656,0.0100
59045.68000,7.2,0.911313,0.0100
59045.68000,7.3,0.913024,0.0100
59045.68000,7.4,0.914409,0.0100
59045.68000,7.5,0.915865,0.0100
59045.68000,7.6,0.920614,0.0100
59045.68000,7.7,0.913615,0.0100
59045.68000,7.8,0.907105,0.0100
59045.68000,7.9,0.916243,0.0100
59045.68000,8.0,0.928516,0.0100
59045.68000,8.1,0.908191,0.0100
59045.68000,8.2,0.899772,0.0100
59045.68000,8.3,0.920588,0.0100
59045.68000,8.4,0.908313,0.0100
59045.68000,8.5,0.887791,0.0100
59045.68000,8.6,0.917992,0.0100
59045.68000,8.7,0.904164,0.0100
59045.68000,8.8,0.908612,0.0100
59045.68000,8.9,0.912837,0.0100
59045.68000,9.0,0.911422,0.0100
59045.68000,9.1,0.916612,0.0100
59045.68000,9.2,0.905162,0.0100
59045.68000,9.3,0.914648,0.0100
59045.68000,9.4,0.906922,0.0100
59045.68000,9.5,0.916905,0.0100
59045.68000,9.6,0.915671,0.0100
59045.68000,9.7,0.900163,0.0100
59045.68000,9.8,0.920377,0.0100
59045.68000,9.9,0.904158,0.0100
59045.68000,10.0,0.917598,0.0100
59045.72000,0.5,0.905444,0.0100
59045.72000,0.6,0.920153,0.0100
59045.72000,0.7,0.899537,0.0100
59045.72000,0.8,0.898278,0.0100
59045.72000,0.9,0.901577,0.0100
59045.72000,1.0,0.898739,0.0100
59045.72000,1.1,0.909771,0.0100
59045.72000,1.2,0.885608,0.0100
59045.72000,1.3,0.891234,0.0100
59045.72000,1.4,0.891093,0.0100
59045.72000,1.5,0.911274,0.0100
59045.72000,1.6,0.918877,0.0100
59045.72000,1.7,0.900727,0.0100
59045.72000,1.8,0.900083,0.0100
59045.72000,1.9,0.902472,0.0100
59045.72000,2.0,0.913390,0.0100
59045.72000,2.1,0.892498,0.0100
59045.72000,2.2,0.904155,0.0100
59045.72000,2.3,0.911523,0.0100
59045.72000,2.4,0.906782,0.0100
59045.72000,2.5,0.903667,0.0100
59045.72000,2.6,0.911782,0.0100
59045.72000,2.7,0.874739,0.0100
59045.72000,2.8,0.908550,0.0100
59045.72000,2.9,0.895231,0.0100
59045.72000,3.0,0.883465,0.0100
59045.72000,3.1,0.906883,0.0100
59045.72000,3.2,0.915508,0.0100
59045.72000,3.3,0.900397,0.0100
59045.72000,3.4,0.911300,0.0100
59045.72000,3.5,0.917894,0.0100
59045.72000,3.6,0.914920,0.0100
59045.72000,3.7,0.918171,0.0100
59045.72000,3.8,0.909193,0.0100
59045.72000,3.9,0.902526,0.0100
59045.72000,4.0,0.885752,0.0100
59045.72000,4.1,0.899311,0.0100
59045.72000,4.2,0.893339,0.0100
59045.72000,4.3,0.923481,0.0100
59045.72000,4.4,0.900012,0.0100
59045.72000,4.5,0.903003,0.0100
59045.72000,4.6,0.907286,0.0100
59045.72000,4.7,0.902207,0.0100
59045.72000,4.8,0.918722,0.0100
59045.72000,4.9,0.895545,0.0100
59045.72000,5.0,0.903717,0.0100
59045.72000,5.1,0.894347,0.0100
59045.72000,5.2,0.888571,0.0100
59045.72000,5.3,0.895654,0.0100
59045.72000,5.4,0.901401,0.0100
59045.72000,5.5,0.897478,0.0100
59045.72000,5.6,0.894847,0.0100
59045.72000,5.7,0.887708,0.0100
59045.72000,5.8,0.900940,0.0100
59045.72000,5.9,0.886724,0.0100
59045.72000,6.0,0.909372,0.0100
59045.72000,6.1,0.902596,0.0100
59045.72000,6.2,0.887196,0.0100
59045.72000,6.3,0.898679,0.0100
59045.72000,6.4,0.894250,0.0100
59045.72000,6.5,0.904963,0.0100
59045.72000,6.6,0.915176,0.0100
59045.72000,6.7,0.883020,0.0100
59045.72000,6.8,0.902922,0.0100
59045.72000,6.9,0.900170,0.0100
59045.72000,7.0,0.908485,0.0100
59045.72000,7.1,0.903903,0.0100
59045.72000,7.2,0.894252,0.0100
59045.72000,7.3,0.898581,0.0100
59045.72000,7.4,0.893811,0.0100
59045.72000,7.5,0.912531,0.0100
59045.72000,7.6,0.901984,0.0100
59045.72000,7.7,0.920783,0.0100
59045.72000,7.8,0.901165,0.0100
59045.72000,7.9,0.894687,0.0100
59045.72000,8.0,0.886634,0.0100
59045.72000,8.1,0.883740,0.0100
59045.72000,8.2,0.885930,0.0100
59045.72000,8.3,0.904443,0.0100
59045.72000,8.4,0.906859,0.0100
59045.72000,8.5,0.885959,0.0100
59045.72000,8.6,0.910722,0.0100
59045.72000,8.7,0.896941,0.0100
59045.72000,8.8,0.903239,0.0100
59045.72000,8.9,0.917893,0.0100
59045.72000,9.0,0.910740,0.0100
59045.72000,9.1,0.899086,0.0100
59045.72000,9.2,0.892859,0.0100
59045.72000,9.3,0.880253,0.0100
59045.72000,9.4,0.894580,0.0100
59045.72000,9.5,0.899660,0.0100
59045.72000,9.6,0.891899,0.0100
59045.72000,9.7,0.900459,0.0100
59045.72000,9.8,0.902540,0.0100
59045.72000,9.9,0.899523,0.0100
59045.72000,10.0,0.895271,0.0100
59045.76000,0.5,0.901884,0.0100
59045.76000,0.6,0.904617,0.0100
59045.76000,0.7,0.889293,0.0100
59045.76000,0.8,0.914307,0.0100
59045.76000,0.9,0.899211,0.0100
59045.76000,1.0,0.900386,0.0100
59045.76000,1.1,0.907279,0.0100
59045.76000,1.2,0.902529,0.0100
59045.76000,1.3,0.909729,0.0100
59045.76000,1.4,0.903069,0.0100
59045.76000,1.5,0.894073,0.0100
59045.76000,1.6,0.903812,0.0100
59045.76000,1.7,0.888760,0.0100
59045.76000,1.8,0.901283,0.0100
59045.76000,1.9,0.899865,0.0100
59045.76000,2.0,0.898116,0.0100
59045.76000,2.1,0.898912,0.0100
59045.76000,2.2,0.881379,0.0100
59045.76000,2.3,0.894710,0.0100
59045.76000,2.4,0.901126,0.0100
59045.76000,2.5,0.901796,0.0100
59045.76000,2.6,0.889921,0.0100
59045.76000,2.7,0.912854,0.0100
59045.76000,2.8,0.891536,0.0100
59045.76000,2.9,0.909892,0.0100
59045.76000,3.0,0.904469,0.0100
59045.76000,3.1,0.893735,0.0100
59045.76000,3.2,0.917950,0.0100
59045.76000,3.3,0.888261,0.0100
59045.76000,3.4,0.909389,0.0100
59045.76000,3.5,0.910203,0.0100
59045.76000,3.6,0.893491,0.0100
59045.76000,3.7,0.914122,0.0100
59045.76000,3.8,0.897697,0.0100
59045.76000,3.9,0.903084,0.0100
59045.76000,4.0,0.902801,0.0100
59045.76000,4.1,0.898854,0.0100
59045.76000,4.2,0.908305,0.0100
59045.76000,4.3,0.908132,0.0100
59045.76000,4.4,0.882712,0.0100
59045.76000,4.5,0.913241,0.0100
59045.76000,4.6,0.883572,0.0100
59045.76000,4.7,0.910523,0.0100
59045.76000,4.8,0.911464,0.0100
59045.76000,4.9,0.889288,0.0100
59045.76000,5.0,0.896089,0.0100
59045.76000,5.1,0.889140,0.0100
59045.76000,5.2,0.898048,0.0100
59045.76000,5.3,0.897117,0.0100
59045.76000,5.4,0.907994,0.0100
59045.76000,5.5,0.913300,0.0100
59045.76000,5.6,0.914154,0.0100
59045.76000,5.7,0.894576,0.0100
59045.76000,5.8,0.898105,0.0100
59045.76000,5.9,0.883363,0.0100
59045.76000,6.0,0.892139,0.0100
59045.76000,6.1,0.909846,0.0100
59045.76000,6.2,0.916353,0.0100
59045.76000,6.3,0.887854,0.0100
59045.76000,6.4,0.894273,0.0100
59045.76000,6.5,0.899933,0.0100
59045.76000,6.6,0.902999,0.0100
59045.76000,6.7,0.892101,0.0100
59045.76000,6.8,0.904438,0.0100
59045.76000,6.9,0.895459,0.0100
59045.76000,7.0,0.900053,0.0100
59045.76000,7.1,0.905660,0.0100
59045.76000,7.2,0.900262,0.0100
59045.76000,7.3,0.895833,0.0100
59045.76000,7.4,0.899101,0.0100
59045.76000,7.5,0.899314,0.0100
59045.76000,7.6,0.896497,0.0100
59045.76000,7.7,0.897609,0.0100
59045.76000,7.8,0.916184,0.0100
59045.76000,7.9,0.905807,0.0100
59045.76000,8.0,0.897243,0.0100
59045.76000,8.1,0.907167,0.0100
59045.76000,8.2,0.896859,0.0100
59045.76000,8.3,0.911929,0.0100
59045.76000,8.4,0.903894,0.0100
59045.76000,8.5,0.899124,0.0100
59045.76000,8.6,0.904674,0.0100
59045.76000,8.7,0.884489,0.0100
59045.76000,8.8,0.888930,0.0100
59045.76000,8.9,0.888258,0.0100
59045.76000,9.0,0.901627,0.0100
59045.76000,9.1,0.917522,0.0100
59045.76000,9.2,0.922510,0.0100
59045.76000,9.3,0.906578,0.0100
59045.76000,9.4,0.905206,0.0100
59045.76000,9.5,0.882187,0.0100
59045.76000,9.6,0.894771,0.0100
59045.76000,9.7,0.892319,0.0100
59045.76000,9.8,0.893989,0.0100
59045.76000,9.9,0.898516,0.0100
59045.76000,10.0,0.895476,0.0100
59045.80000,0.5,0.885101,0.0100
59045.80000,0.6,0.912373,0.0100
59045.80000,0.7,0.894167,0.0100
59045.80000,0.8,0.907287,0.0100
59045.80000,0.9,0.925635,0.0100
59045.80000,1.0,0.895701,0.0100
59045.80000,1.1,0.879591,0.0100
59045.80000,1.2,0.902034,0.0100
59045.80000,1.3,0.915904,0.0100
59045.80000,1.4,0.924478,0.0100
59045.80000,1.5,0.892599,0.0100
59045.80000,1.6,0.909861,0.0100
59045.80000,1.7,0.900241,0.0100
59045.80000,1.8,0.903835,0.0100
59045.80000,1.9,0.931338,0.0100
59045.80000,2.0,0.889865,0.0100
59045.80000,2.1,0.907432,0.0100
59045.80000,2.2,0.909571,0.0100
59045.80000,2.3,0.915752,0.0100
59045.80000,2.4,0.905874,0.0100
59045.80000,2.5,0.907975,0.0100
59045.80000,2.6,0.900978,0.0100
59045.80000,2.7,0.907586,0.0100
59045.80000,2.8,0.901462,0.0100
59045.80000,2.9,0.911110,0.0100
59045.80000,3.0,0.901198,0.0100
59045.80000,3.1,0.908665,0.0100
59045.80000,3.2,0.904602,0.0100
59045.80000,3.3,0.916155,0.0100
59045.80000,3.4,0.904380,0.0100
59045.80000,3.5,0.887164,0.0100
59045.80000,3.6,0.917514,0.0100
59045.80000,3.7,0.895837,0.0100
59045.80000,3.8,0.898357,0.0100
59045.80000,3.9,0.898938,0.0100
59045.80000,4.0,0.918639,0.0100
59045.80000,4.1,0.883538,0.0100
59045.80000,4.2,0.936272,0.0100
59045.80000,4.3,0.915455,0.0100
59045.80000,4.4,0.907127,0.0100
59045.80000,4.5,0.904345,0.0100
59045.80000,4.6,0.907750,0.0100
59045.80000,4.7,0.910106,0.0100
59045.80000,4.8,0.911347,0.0100
59045.80000,4.9,0.910450,0.0100
59045.80000,5.0,0.905790,0.0100
59045.80000,5.1,0.902921,0.0100
59045.80000,5.2,0.903382,0.0100
59045.80000,5.3,0.902945,0.0100
59045.80000,5.4,0.916232,0.0100
59045.80000,5.5,0.910830,0.0100
59045.80000,5.6,0.875490,0.0100
59045.80000,5.7,0.911453,0.0100
59045.80000,5.8,0.906842,0.0100
59045.80000,5.9,0.904707,0.0100
59045.80000,6.0,0.901009,0.0100
59045.80000,6.1,0.916135,0.0100
59045.80000,6.2,0.914370,0.0100
59045.80000,6.3,0.897166,0.0100
59045.80000,6.4,0.908965,0.0100
59045.80000,6.5,0.895178,0.0100
59045.80000,6.6,0.891098,0.0100
59045.80000,6.7,0.898627,0.0100
59045.80000,6.8,0.913518,0.0100
59045.80000,6.9,0.914426,0.0100
59045.80000,7.0,0.910025,0.0100
59045.80000,7.1,0.912145,0.0100
59045.80000,7.2,0.910056,0.0100
59045.80000,7.3,0.898480,0.0100
59045.80000,7.4,0.909214,0.0100
59045.80000,7.5,0.912898,0.0100
59045.80000,7.6,0.912437,0.0100
59045.80000,7.7,0.916783,0.0100
59045.80000,7.8,0.911977,0.0100
59045.80000,7.9,0.908409,0.0100
59045.80000,8.0,0.915596,0.0100
59045.80000,8.1,0.904629,0.0100
59045.80000,8.2,0.896076,0.0100
59045.80000,8.3,0.903264,0.0100
59045.80000,8.4,0.897445,0.0100
59045.80000,8.5,0.898143,0.0100
59045.80000,8.6,0.903449,0.0100
59045.80000,8.7,0.896970,0.0100
59045.80000,8.8,0.901815,0.0100
59045.80000,8.9,0.885958,0.0100
59045.80000,9.0,0.907027,0.0100
59045.80000,9.1,0.904906,0.0100
59045.80000,9.2,0.896723,0.0100
59045.80000,9.3,0.911487,0.0100
59045.80000,9.4,0.914270,0.0100
59045.80000,9.5,0.888819,0.0100
59045.80000,9.6,0.897267,0.0100
59045.80000,9.7,0.897203,0.0100
59045.80000,9.8,0.895495,0.0100
59045.80000,9.9,0.913189,0.0100
59045.80000,10.0,0.902956,0.0100
59045.84000,0.5,0.912922,0.0100
59045.84000,0.6,0.895529,0.0100
59045.84000,0.7,0.921921,0.0100
59045.84000,0.8,0.903175,0.0100
59045.84000,0.9,0.916167,0.0100
59045.84000,1.0,0.918341,0.0100
59045.84000,1.1,0.929174,0.0100
59045.84000,1.2,0.902479,0.0100
59045.84000,1.3,0.885372,0.0100
59045.84000,1.4,0.917406,0.0100
59045.84000,1.5,0.933572,0.0100
59045.84000,1.6,0.927957,0.0100
59045.84000,1.7,0.917664,0.0100
59045.84000,1.8,0.910651,0.0100
59045.84000,1.9,0.923638,0.0100
59045.84000,2.0,0.905832,0.0100
59045.84000,2.1,0.920331,0.0100
59045.84000,2.2,0.920622,0.0100
59045.84000,2.3,0.926169,0.0100
59045.84000,2.4,0.943164,0.0100
59045.84000,2.5,0.919491,0.0100
59045.84000,2.6,0.910478,0.0100
59045.84000,2.7,0.915311,0.0100
59045.84000,2.8,0.897876,0.0100
59045.84000,2.9,0.908620,0.0100
59045.84000,3.0,0.911474,0.0100
59045.84000,3.1,0.910326,0.0100
59045.84000,3.2,0.917091,0.0100
59045.84000,3.3,0.907343,0.0100
59045.84000,3.4,0.926778,0.0100
59045.84000,3.5,0.915569,0.0100
59045.84000,3.6,0.915474,0.0100
59045.84000,3.7,0.912288,0.0100
59045.84000,3.8,0.917119,0.0100
59045.84000,3.9,0.923818,0.0100
59045.84000,4.0,0.906896,0.0100
59045.84000,4.1,0.908986,0.0100
59045.84000,4.2,0.912530,0.0100
59045.84000,4.3,0.902108,0.0100
59045.84000,4.4,0.907375,0.0100
59045.84000,4.5,0.910805,0.0100
59045.84000,4.6,0.924311,0.0100
59045.84000,4.7,0.918193,0.0100
59045.84000,4.8,0.917503,0.0100
59045.84000,4.9,0.924076,0.0100
59045.84000,5.0,0.914193,0.0100
59045.84000,5.1,0.919472,0.0100
59045.84000,5.2,0.914535,0.0100
59045.84000,5.3,0.918221,0.0100
59045.84000,5.4,0.909740,0.0100
59045.84000,5.5,0.891179,0.0100
59045.84000,5.6,0.914224,0.0100
59045.84000,5.7,0.929795,0.0100
59045.84000,5.8,0.924829,0.0100
59045.84000,5.9,0.925221,0.0100
59045.84000,6.0,0.927929,0.0100
59045.84000,6.1,0.916454,0.0100
59045.84000,6.2,0.917540,0.0100
59045.84000,6.3,0.909391,0.0100
59045.84000,6.4,0.912406,0.0100
59045.84000,6.5,0.921725,0.0100
59045.84000,6.6,0.927606,0.0100
59045.84000,6.7,0.914173,0.0100
59045.84000,6.8,0.911065,0.0100
59045.84000,6.9,0.915572,0.0100
59045.84000,7.0,0.921579,0.0100
59045.84000,7.1,0.901129,0.0100
59045.84000,7.2,0.892605,0.0100
59045.84000,7.3,0.910062,0.0100
59045.84000,7.4,0.903360,0.0100
59045.84000,7.5,0.910486,0.0100
59045.84000,7.6,0.914089,0.0100
59045.84000,7.7,0.911035,0.0100
59045.84000,7.8,0.930092,0.0100
59045.84000,7.9,0.918835,0.0100
59045.84000,8.0,0.918572,0.0100
59045.84000,8.1,0.921789,0.0100
59045.84000,8.2,0.904179,0.0100
59045.84000,8.3,0.925958,0.0100
59045.84000,8.4,0.914810,0.0100
59045.84000,8.5,0.922272,0.0100
59045.84000,8.6,0.904849,0.0100
59045.84000,8.7,0.900030,0.0100
59045.84000,8.8,0.923746,0.0100
59045.84000,8.9,0.919331,0.0100
59045.84000,9.0,0.906547,0.0100
59045.84000,9.1,0.906871,0.0100
59045.84000,9.2,0.926822,0.0100
59045.84000,9.3,0.903673,0.0100
59045.84000,9.4,0.931994,0.0100
59045.84000,9.5,0.906561,0.0100
59045.84000,9.6,0.921951,0.0100
59045.84000,9.7,0.912281,0.0100
59045.84000,9.8,0.921599,0.0100
59045.84000,9.9,0.910126,0.0100
59045.84000,10.0,0.913939,0.0100
59045.88000,0.5,0.931954,0.0100
59045.88000,0.6,0.921523,0.0100
59045.88000,0.7,0.938954,0.0100
59045.88000,0.8,0.926413,0.0100
59045.88000,0.9,0.929259,0.0100
59045.88000,1.0,0.921602,0.0100
59045.88000,1.1,0.905922,0.0100
59045.88000,1.2,0.929635,0.0100
59045.88000,1.3,0.955671,0.0100
59045.88000,1.4,0.939391,0.0100
59045.88000,1.5,0.931353,0.0100
59045.88000,1.6,0.928916,0.0100
59045.88000,1.7,0.931770,0.0100
59045.88000,1.8,0.937016,0.0100
59045.88000,1.9,0.919737,0.0100
59045.88000,2.0,0.942689,0.0100
59045.88000,2.1,0.938699,0.0100
59045.88000,2.2,0.938727,0.0100
59045.88000,2.3,0.935930,0.0100
59045.88000,2.4,0.931741,0.0100
59045.88000,2.5,0.938274,0.0100
59045.88000,2.6,0.937463,0.0100
59045.88000,2.7,0.928005,0.0100
59045.88000,2.8,0.925809,0.0100
59045.88000,2.9,0.932564,0.0100
59045.88000,3.0,0.947035,0.0100
59045.88000,3.1,0.919154,0.0100
59045.88000,3.2,0.916870,0.0100
59045.88000,3.3,0.933193,0.0100
59045.88000,3.4,0.932054,0.0100
59045.88000,3.5,0.933279,0.0100
59045.88000,3.6,0.933985,0.0100
59045.88000,3.7,0.929313,0.0100
59045.88000,3.8,0.946444,0.0100
59045.88000,3.9,0.915536,0.0100
59045.88000,4.0,0.923260,0.0100
59045.88000,4.1,0.930513,0.0100
59045.88000,4.2,0.915113,0.0100
59045.88000,4.3,0.929787,0.0100
59045.88000,4.4,0.948160,0.0100
59045.88000,4.5,0.931754,0.0100
59045.88000,4.6,0.933852,0.0100
59045.88000,4.7,0.918944,0.0100
59045.88000,4.8,0.925382,0.0100
59045.88000,4.9,0.927793,0.0100
59045.88000,5.0,0.928368,0.0100
59045.88000,5.1,0.944362,0.0100
59045.88000,5.2,0.937122,0.0100
59045.88000,5.3,0.920431,0.0100
59045.88000,5.4,0.934010,0.0100
59045.88000,5.5,0.936528,0.0100
59045.88000,5.6,0.942947,0.0100
59045.88000,5.7,0.947351,0.0100
59045.88000,5.8,0.921394,0.0100
59045.88000,5.9,0.923437,0.0100
59045.88000,6.0,0.918970,0.0100
59045.88000,6.1,0.929205,0.0100
59045.88000,6.2,0.936209,0.0100
59045.88000,6.3,0.941419,0.0100
59045.88000,6.4,0.930786,0.0100
59045.88000,6.5,0.928347,0.0100
59045.88000,6.6,0.933063,0.0100
59045.88000,6.7,0.923194,0.0100
59045.88000,6.8,0.952441,0.0100
59045.88000,6.9,0.915469,0.0100
59045.88000,7.0,0.933393,0.0100
59045.88000,7.1,0.951781,0.0100
59045.88000,7.2,0.931613,0.0100
59045.88000,7.3,0.929645,0.0100
59045.88000,7.4,0.927971,0.0100
59045.88000,7.5,0.929741,0.0100
59045.88000,7.6,0.945274,0.0100
59045.88000,7.7,0.909427,0.0100
59045.88000,7.8,0.946880,0.0100
59045.88000,7.9,0.917306,0.0100
59045.88000,8.0,0.928879,0.0100
59045.88000,8.1,0.927253,0.0100
59045.88000,8.2,0.937431,0.0100
59045.88000,8.3,0.915564,0.0100
59045.88000,8.4,0.936167,0.0100
59045.88000,8.5,0.951788,0.0100
59045.88000,8.6,0.917914,0.0100
59045.88000,8.7,0.933442,0.0100
59045.88000,8.8,0.924925,0.0100
59045.88000,8.9,0.935804,0.0100
59045.88000,9.0,0.931737,0.0100
59045.88000,9.1,0.925130,0.0100
59045.88000,9.2,0.936424,0.0100
59045.88000,9.3,0.949589,0.0100
59045.88000,9.4,0.929636,0.0100
59045.88000,9.5,0.938743,0.0100
59045.88000,9.6,0.918613,0.0100
59045.88000,9.7,0.921981,0.0100
59045.88000,9.8,0.936269,0.0100
59045.88000,9.9,0.946386,0.0100
59045.88000,10.0,0.935101,0.0100
59045.92000,0.5,0.948694,0.0100
59045.92000,0.6,0.951818,0.0100
59045.92000,0.7,0.939321,0.0100
59045.92000,0.8,0.957870,0.0100
59045.92000,0.9,0.960648,0.0100
59045.92000,1.0,0.947304,0.0100
59045.92000,1.1,0.947124,0.0100
59045.92000,1.2,0.954483,0.0100
59045.92000,1.3,0.947457,0.0100
59045.92000,1.4,0.951163,0.0100
59045.92000,1.5,0.972822,0.0100
59045.92000,1.6,0.949354,0.0100
59045.92000,1.7,0.948241,0.0100
59045.92000,1.8,0.945349,0.0100
59045.92000,1.9,0.959267,0.0100
59045.92000,2.0,0.950012,0.0100
59045.92000,2.1,0.945331,0.0100
59045.92000,2.2,0.965038,0.0100
59045.92000,2.3,0.966021,0.0100
59045.92000,2.4,0.945820,0.0100
59045.92000,2.5,0.933159,0.0100
59045.92000,2.6,0.961900,0.0100
59045.92000,2.7,0.944978,0.0100
59045.92000,2.8,0.959731,0.0100
59045.92000,2.9,0.932124,0.0100
59045.92000,3.0,0.960751,0.0100
59045.92000,3.1,0.939713,0.0100
59045.92000,3.2,0.959132,0.0100
59045.92000,3.3,0.951967,0.0100
59045.92000,3.4,0.942285,0.0100
59045.92000,3.5,0.947754,0.0100
59045.92000,3.6,0.958688,0.0100
59045.92000,3.7,0.952884,0.0100
59045.92000,3.8,0.957669,0.0100
59045.92000,3.9,0.971589,0.0100
59045.92000,4.0,0.936182,0.0100
59045.92000,4.1,0.967997,0.0100
59045.92000,4.2,0.952868,0.0100
59045.92000,4.3,0.942837,0.0100
59045.92000,4.4,0.938521,0.0100
59045.92000,4.5,0.949933,0.0100
59045.92000,4.6,0.961041,0.0100
59045.92000,4.7,0.950549,0.0100
59045.92000,4.8,0.966936,0.0100
59045.92000,4.9,0.937313,0.0100
59045.92000,5.0,0.951704,0.0100
59045.92000,5.1,0.939301,0.0100
59045.92000,5.2,0.955461,0.0100
59045.92000,5.3,0.960694,0.0100
59045.92000,5.4,0.947617,0.0100
59045.92000,5.5,0.925782,0.0100
59045.92000,5.6,0.953814,0.0100
59045.92000,5.7,0.956192,0.0100
59045.92000,5.8,0.955868,0.0100
59045.92000,5.9,0.964182,0.0100
59045.92000,6.0,0.941114,0.0100
59045.92000,6.1,0.958627,0.0100
59045.92000,6.2,0.963750,0.0100
59045.92000,6.3,0.934039,0.0100
59045.92000,6.4,0.955021,0.0100
59045.92000,6.5,0.946783,0.0100
59045.92000,6.6,0.951009,0.0100
59045.92000,6.7,0.955301,0.0100
59045.92000,6.8,0.946952,0.0100
59045.92000,6.9,0.945068,0.0100
59045.92000,7.0,0.952166,0.0100
59045.92000,7.1,0.940952,0.0100
59045.92000,7.2,0.940966,0.0100
59045.92000,7.3,0.958618,0.0100
59045.92000,7.4,0.940337,0.0100
59045.92000,7.5,0.958488,0.0100
59045.92000,7.6,0.956451,0.0100
59045.92000,7.7,0.934567,0.0100
59045.92000,7.8,0.945049,0.0100
59045.92000,7.9,0.963766,0.0100
59045.92000,8.0,0.942013,0.0100
59045.92000,8.1,0.947181,0.0100
59045.92000,8.2,0.956445,0.0100
59045.92000,8.3,0.959659,0.0100
59045.92000,8.4,0.949309,0.0100
59045.92000,8.5,0.945850,0.0100
59045.92000,8.6,0.966048,0.0100
59045.92000,8.7,0.969214,0.0100
59045.92000,8.8,0.961613,0.0100
59045.92000,8.9,0.952678,0.0100
59045.92000,9.0,0.943742,0.0100
59045.92000,9.1,0.943520,0.0100
59045.92000,9.2,0.957050,0.0100
59045.92000,9.3,0.956009,0.0100
59045.92000,9.4,0.965841,0.0100
59045.92000,9.5,0.958329,0.0100
59045.92000,9.6,0.936794,0.0100
59045.92000,9.7,0.962344,0.0100
59045.92000,9.8,0.941844,0.0100
59045.92000,9.9,0.947985,0.0100
59045.92000,10.0,0.954327,0.0100
59045.96000,0.5,0.995088,0.0100
59045.96000,0.6,1.006230,0.0100
59045.96000,0.7,0.981198,0.0100
59045.96000,0.8,0.973299,0.0100
59045.96000,0.9,0.980476,0.0100
59045.96000,1.0,0.984008,0.0100
59045.96000,1.1,0.971924,0.0100
59045.96000,1.2,0.993083,0.0100
59045.96000,1.3,0.977432,0.0100
59045.96000,1.4,0.980108,0.0100
59045.96000,1.5,0.981790,0.0100
59045.96000,1.6,0.979347,0.0100
59045.96000,1.7,0.983520,0.0100
59045.96000,1.8,0.968958,0.0100
59045.96000,1.9,0.969548,0.0100
59045.96000,2.0,0.964129,0.0100
59045.96000,2.1,0.979526,0.0100
59045.96000,2.2,0.982920,0.0100
59045.96000,2.3,0.979709,0.0100
59045.96000,2.4,0.991876,0.0100
59045.96000,2.5,0.975075,0.0100
59045.96000,2.6,0.981818,0.0100
59045.96000,2.7,0.964214,0.0100
59045.96000,2.8,0.971260,0.0100
59045.96000,2.9,0.982086,0.0100
59045.96000,3.0,0.983622,0.0100
59045.96000,3.1,0.972191,0.0100
59045.96000,3.2,0.974415,0.0100
59045.96000,3.3,0.959952,0.0100
59045.96000,3.4,0.971561,0.0100
59045.96000,3.5,0.984035,0.0100
59045.96000,3.6,0.980883,0.0100
59045.96000,3.7,0.980138,0.0100
59045.96000,3.8,0.975629,0.0100
59045.96000,3.9,0.975202,0.0100
59045.96000,4.0,0.968528,0.0100
59045.96000,4.1,0.982119,0.0100
59045.96000,4.2,0.979341,0.0100
59045.96000,4.3,0.980051,0.0100
59045.96000,4.4,0.969871,0.0100
59045.96000,4.5,0.953598,0.0100
59045.96000,4.6,0.986103,0.0100
59045.96000,4.7,0.970343,0.0100
59045.96000,4.8,0.966503,0.0100
59045.96000,4.9,0.982066,0.0100
59045.96000,5.0,0.971211,0.0100
59045.96000,5.1,0.985730,0.0100
59045.96000,5.2,0.981301,0.0100
59045.96000,5.3,0.981967,0.0100
59045.96000,5.4,0.961471,0.0100
59045.96000,5.5,0.987250,0.0100
59045.96000,5.6,0.977744,0.0100
59045.96000,5.7,0.971438,0.0100
59045.96000,5.8,0.976565,0.0100
59045.96000,5.9,0.957369,0.0100
59045.96000,6.0,0.979218,0.0100
59045.96000,6.1,0.964837,0.0100
59045.96000,6.2,0.961604,0.0100
59045.96000,6.3,0.959907,0.0100
59045.96000,6.4,0.986258,0.0100
59045.96000,6.5,0.968838,0.0100
59045.96000,6.6,0.990468,0.0100
59045.96000,6.7,0.969773,0.0100
59045.96000,6.8,0.958057,0.0100
59045.96000,6.9,0.963966,0.0100
59045.96000,7.0,0.987489,0.0100
59045.96000,7.1,0.973572,0.0100
59045.96000,7.2,0.969648,0.0100
59045.96000,7.3,0.976731,0.0100
59045.96000,7.4,0.980149,0.0100
59045.96000,7.5,0.986305,0.0100
59045.96000,7.6,0.989616,0.0100
59045.96000,7.7,0.971533,0.0100
59045.96000,7.8,0.961871,0.0100
59045.96000,7.9,0.970996,0.0100
59045.96000,8.0,0.977734,0.0100
59045.96000,8.1,0.965493,0.0100
59045.96000,8.2,0.965560,0.0100
59045.96000,8.3,0.978569,0.0100
59045.96000,8.4,0.974644,0.0100
59045.96000,8.5,0.975459,0.0100
59045.96000,8.6,0.967546,0.0100
59045.96000,8.7,0.972827,0.0100
59045.96000,8.8,0.965889,0.0100
59045.96000,8.9,0.984033,0.0100
59045.96000,9.0,0.985484,0.0100
59045.96000,9.1,0.956669,0.0100
59045.96000,9.2,0.965836,0.0100
59045.96000,9.3,0.960166,0.0100
59045.96000,9.4,0.968631,0.0100
59045.96000,9.5,0.974297,0.0100
59045.96000,9.6,0.960635,0.0100
59045.96000,9.7,0.965912,0.0100
59045.96000,9.8,0.965091,0.0100
59045.96000,9.9,0.977204,0.0100
59045.96000,10.0,0.975824,0.0100
59046.00000,0.5,0.992783,0.0100
59046.00000,0.6,1.001768,0.0100
59046.00000,0.7,0.994533,0.0100
59046.00000,0.8,0.997283,0.0100
59046.00000,0.9,1.016735,0.0100
59046.00000,1.0,1.013405,0.0100
59046.00000,1.1,0.987004,0.0100
59046.00000,1.2,1.008297,0.0100
59046.00000,1.3,1.008114,0.0100
59046.00000,1.4,0.988517,0.0100
59046.00000,1.5,1.008188,0.0100
59046.00000,1.6,1.015379,0.0100
59046.00000,1.7,0.988775,0.0100
59046.00000,1.8,0.990825,0.0100
59046.00000,1.9,1.010177,0.0100
59046.00000,2.0,1.002715,0.0100
59046.00000,2.1,1.005515,0.0100
59046.00000,2.2,1.003406,0.0100
59046.00000,2.3,1.003907,0.0100
59046.00000,2.4,0.986735,0.0100
59046.00000,2.5,1.010473,0.0100
59046.00000,2.6,1.011696,0.0100
59046.00000,2.7,0.997706,0.0100
59046.00000,2.8,0.999565,0.0100
59046.00000,2.9,0.984689,0.0100
59046.00000,3.0,1.005143,0.0100
59046.00000,3.1,1.005721,0.0100
59046.00000,3.2,0.999378,0.0100
59046.00000,3.3,1.011244,0.0100
59046.00000,3.4,0.996659,0.0100
59046.00000,3.5,1.005646,0.0100
59046.00000,3.6,0.989803,0.0100
59046.00000,3.7,0.999764,0.0100
59046.00000,3.8,0.998256,0.0100
59046.00000,3.9,1.002253,0.0100
59046.00000,4.0,0.996305,0.0100
59046.00000,4.1,0.998685,0.0100
59046.00000,4.2,1.008260,0.0100
59046.00000,4.3,0.995632,0.0100
59046.00000,4.4,0.983934,0.0100
59046.00000,4.5,1.017496,0.0100
59046.00000,4.6,1.013815,0.0100
59046.00000,4.7,0.987077,0.0100
59046.00000,4.8,1.006897,0.0100
59046.00000,4.9,0.994970,0.0100
59046.00000,5.0,1.002635,0.0100
59046.00000,5.1,1.002942,0.0100
59046.00000,5.2,0.997656,0.0100
59046.00000,5.3,0.992162,0.0100
59046.00000,5.4,0.993095,0.0100
59046.00000,5.5,0.990838,0.0100
59046.00000,5.6,0.991682,0.0100
59046.00000,5.7,0.999328,0.0100
59046.00000,5.8,0.992842,0.0100
59046.00000,5.9,1.006821,0.0100
59046.00000,6.0,1.014872,0.0100
59046.00000,6.1,0.994199,0.0100
59046.00000,6.2,1.002394,0.0100
59046.00000,6.3,1.004997,0.0100
59046.00000,6.4,1.004720,0.0100
59046.00000,6.5,1.000760,0.0100
59046.00000,6.6,1.007427,0.0100
59046.00000,6.7,1.004822,0.0100
59046.00000,6.8,0.987623,0.0100
59046.00000,6.9,1.008692,0.0100
59046.00000,7.0,1.008873,0.0100
59046.00000,7.1,0.992367,0.0100
59046.00000,7.2,1.000379,0.0100
59046.00000,7.3,1.006833,0.0100
59046.00000,7.4,0.997907,0.0100
59046.00000,7.5,1.010730,0.0100
59046.00000,7.6,1.023639,0.0100
59046.00000,7.7,0.992140,0.0100
59046.00000,7.8,0.986190,0.0100
59046.00000,7.9,1.003038,0.0100
59046.00000,8.0,1.007216,0.0100
59046.00000,8.1,0.997691,0.0100
59046.00000,8.2,1.014533,0.0100
59046.00000,8.3,0.986614,0.0100
59046.00000,8.4,1.006929,0.0100
59046.00000,8.5,0.993941,0.0100
59046.00000,8.6,1.017194,0.0100
59046.00000,8.7,1.019925,0.0100
59046.00000,8.8,0.992333,0.0100
59046.00000,8.9,0.994504,0.0100
59046.00000,9.0,1.008596,0.0100
59046.00000,9.1,0.996129,0.0100
59046.00000,9.2,0.999546,0.0100
59046.00000,9.3,1.000254,0.0100
59046.00000,9.4,0.980803,0.0100
59046.00000,9.5,0.999862,0.0100
59046.00000,9.6,0.993103,0.0100
59046.00000,9.7,0.995069,0.0100
59046.00000,9.8,1.014436,0.0100
59046.00000,9.9,0.987435,0.0100
59046.00000,10.0,1.008132,0.0100
59046.04000,0.5,1.022079,0.0100
59046.04000,0.6,1.022071,0.0100
59046.04000,0.7,1.032773,0.0100
59046.04000,0.8,1.028270,0.0100
59046.04000,0.9,1.030575,0.0100
59046.04000,1.0,1.034551,0.0100
59046.04000,1.1,1.021556,0.0100
59046.04000,1.2,1.018747,0.0100
59046.04000,1.3,1.014017,0.0100
59046.04000,1.4,1.016615,0.0100
59046.04000,1.5,1.054360,0.0100
59046.04000,1.6,1.037316,0.0100
59046.04000,1.7,1.011358,0.0100
59046.04000,1.8,1.011644,0.0100
59046.04000,1.9,1.029688,0.0100
59046.04000,2.0,1.030342,0.0100
59046.04000,2.1,1.030358,0.0100
59046.04000,2.2,1.022319,0.0100
59046.04000,2.3,1.023614,0.0100
59046.04000,2.4,1.028148,0.0100
59046.04000,2.5,1.025728,0.0100
59046.04000,2.6,1.002676,0.0100
59046.04000,2.7,1.022571,0.0100
59046.04000,2.8,1.016355,0.0100
59046.04000,2.9,1.026621,0.0100
59046.04000,3.0,1.054722,0.0100
59046.04000,3.1,1.028544,0.0100
59046.04000,3.2,1.021734,0.0100
59046.04000,3.3,1.034087,0.0100
59046.04000,3.4,1.029696,0.0100
59046.04000,3.5,1.029070,0.0100
59046.04000,3.6,1.030937,0.0100
59046.04000,3.7,1.045434,0.0100
59046.04000,3.8,1.013560,0.0100
59046.04000,3.9,1.029605,0.0100
59046.04000,4.0,1.015605,0.0100
59046.04000,4.1,1.030424,0.0100
59046.04000,4.2,1.015682,0.0100
59046.04000,4.3,1.020695,0.0100
59046.04000,4.4,1.021918,0.0100
59046.04000,4.5,1.034627,0.0100
59046.04000,4.6,1.034054,0.0100
59046.04000,4.7,1.012412,0.0100
59046.04000,4.8,1.025418,0.0100
59046.04000,4.9,1.017773,0.0100
59046.04000,5.0,1.012284,0.0100
59046.04000,5.1,1.022699,0.0100
59046.04000,5.2,1.021784,0.0100
59046.04000,5.3,1.049136,0.0100
59046.04000,5.4,1.029199,0.0100
59046.04000,5.5,1.011093,0.0100
59046.04000,5.6,1.019221,0.0100
59046.04000,5.7,1.035083,0.0100
59046.04000,5.8,1.045753,0.0100
59046.04000,5.9,1.009009,0.0100
59046.04000,6.0,1.006070,0.0100
59046.04000,6.1,1.043579,0.0100
59046.04000,6.2,1.028765,0.0100
59046.04000,6.3,1.016186,0.0100
59046.04000,6.4,1.030215,0.0100
59046.04000,6.5,0.998512,0.0100
59046.04000,6.6,1.024903,0.0100
59046.04000,6.7,1.028147,0.0100
59046.04000,6.8,1.034112,0.0100
59046.04000,6.9,1.014730,0.0100
59046.04000,7.0,1.025726,0.0100
59046.04000,7.1,1.015615,0.0100
59046.04000,7.2,1.027423,0.0100
59046.04000,7.3,1.015916,0.0100
59046.04000,7.4,1.020788,0.0100
59046.04000,7.5,1.014911,0.0100
59046.04000,7.6,1.031380,0.0100
59046.04000,7.7,1.033453,0.0100
59046.04000,7.8,1.022523,0.0100
59046.04000,7.9,1.025251,0.0100
59046.04000,8.0,1.010383,0.0100
59046.04000,8.1,1.021872,0.0100
59046.04000,8.2,1.024367,0.0100
59046.04000,8.3,1.051077,0.0100
59046.04000,8.4,1.013749,0.0100
59046.04000,8.5,1.039511,0.0100
59046.04000,8.6,1.034838,0.0100
59046.04000,8.7,1.027675,0.0100
59046.04000,8.8,1.042455,0.0100
59046.04000,8.9,1.028590,0.0100
59046.04000,9.0,1.028761,0.0100
59046.04000,9.1,1.024338,0.0100
59046.04000,9.2,1.037105,0.0100
59046.04000,9.3,1.035834,0.0100
59046.04000,9.4,1.018612,0.0100
59046.04000,9.5,1.011677,0.0100
59046.04000,9.6,1.022839,0.0100
59046.04000,9.7,1.016869,0.0100
59046.04000,9.8,1.024234,0.0100
59046.04000,9.9,1.037243,0.0100
59046.04000,10.0,1.020296,0.0100
59046.08000,0.5,1.047747,0.0100
59046.08000,0.6,1.048756,0.0100
59046.08000,0.7,1.056660,0.0100
59046.08000,0.8,1.025706,0.0100
59046.08000,0.9,1.042108,0.0100
59046.08000,1.0,1.050288,0.0100
59046.08000,1.1,1.060176,0.0100
59046.08000,1.2,1.043256,0.0100
59046.08000,1.3,1.029410,0.0100
59046.08000,1.4,1.054372,0.0100
59046.08000,1.5,1.041822,0.0100
59046.08000,1.6,1.036279,0.0100
59046.08000,1.7,1.041932,0.0100
59046.08000,1.8,1.046330,0.0100
59046.08000,1.9,1.042128,0.0100
59046.08000,2.0,1.026120,0.0100
59046.08000,2.1,1.057146,0.0100
59046.08000,2.2,1.060924,0.0100
59046.08000,2.3,1.054691,0.0100
59046.08000,2.4,1.036799,0.0100
59046.08000,2.5,1.046160,0.0100
59046.08000,2.6,1.048110,0.0100
59046.08000,2.7,1.054163,0.0100
59046.08000,2.8,1.054859,0.0100
59046.08000,2.9,1.040834,0.0100
59046.08000,3.0,1.048995,0.0100
59046.08000,3.1,1.052748,0.0100
59046.08000,3.2,1.062734,0.0100
59046.08000,3.3,1.055220,0.0100
59046.08000,3.4,1.056066,0.0100
59046.08000,3.5,1.049014,0.0100
59046.08000,3.6,1.062280,0.0100
59046.08000,3.7,1.052273,0.0100
59046.08000,3.8,1.039564,0.0100
59046.08000,3.9,1.062209,0.0100
59046.08000,4.0,1.055154,0.0100
59046.08000,4.1,1.043745,0.0100
59046.08000,4.2,1.043380,0.0100
59046.08000,4.3,1.051141,0.0100
59046.08000,4.4,1.052807,0.0100
59046.08000,4.5,1.050148,0.0100
59046.08000,4.6,1.051288,0.0100
59046.08000,4.7,1.065175,0.0100
59046.08000,4.8,1.058891,0.0100
59046.08000,4.9,1.050082,0.0100
59046.08000,5.0,1.057588,0.0100
59046.08000,5.1,1.037850,0.0100
59046.08000,5.2,1.052155,0.0100
59046.08000,5.3,1.066268,0.0100
59046.08000,5.4,1.045995,0.0100
59046.08000,5.5,1.039699,0.0100
59046.08000,5.6,1.041654,0.0100
59046.08000,5.7,1.037279,0.0100
59046.08000,5.8,1.040328,0.0100
59046.08000,5.9,1.044470,0.0100
59046.08000,6.0,1.034120,0.0100
59046.08000,6.1,1.048332,0.0100
59046.08000,6.2,1.057198,0.0100
59046.08000,6.3,1.039098,0.0100
59046.08000,6.4,1.063368,0.0100
59046.08000,6.5,1.053283,0.0100
59046.08000,6.6,1.058481,0.0100
59046.08000,6.7,1.041597,0.0100
59046.08000,6.8,1.056721,0.0100
59046.08000,6.9,1.037256,0.0100
59046.08000,7.0,1.057078,0.0100
59046.08000,7.1,1.049894,0.0100
59046.08000,7.2,1.053708,0.0100
59046.08000,7.3,1.036419,0.0100
59046.08000,7.4,1.039225,0.0100
59046.08000,7.5,1.054148,0.0100
59046.08000,7.6,1.038692,0.0100
59046.08000,7.7,1.052807,0.0100
59046.08000,7.8,1.034504,0.0100
59046.08000,7.9,1.056657,0.0100
59046.08000,8.0,1.035850,0.0100
59046.08000,8.1,1.053698,0.0100
59046.08000,8.2,1.054432,0.0100
59046.08000,8.3,1.041208,0.0100
59046.08000,8.4,1.053996,0.0100
59046.08000,8.5,1.050780,0.0100
59046.08000,8.6,1.042787,0.0100
59046.08000,8.7,1.038090,0.0100
59046.08000,8.8,1.028549,0.0100
59046.08000,8.9,1.051672,0.0100
59046.08000,9.0,1.032527,0.0100
59046.08000,9.1,1.049129,0.0100
59046.08000,9.2,1.045541,0.0100
59046.08000,9.3,1.054967,0.0100
59046.08000,9.4,1.045155,0.0100
59046.08000,9.5,1.044881,0.0100
59046.08000,9.6,1.055494,0.0100
59046.08000,9.7,1.051526,0.0100
59046.08000,9.8,1.051337,0.0100
59046.08000,9.9,1.052868,0.0100
59046.08000,10.0,1.032820,0.0100
59046.12000,0.5,1.076023,0.0100
59046.12000,0.6,1.074579,0.0100
59046.12000,0.7,1.058288,0.0100
59046.12000,0.8,1.066014,0.0100
59046.12000,0.9,1.068062,0.0100
59046.12000,1.0,1.067110,0.0100
59046.12000,1.1,1.071793,0.0100
59046.12000,1.2,1.082768,0.0100
59046.12000,1.3,1.079272,0.0100
59046.12000,1.4,1.055333,0.0100
59046.12000,1.5,1.074675,0.0100
59046.12000,1.6,1.081744,0.0100
59046.12000,1.7,1.072323,0.0100
59046.12000,1.8,1.079365,0.0100
59046.12000,1.9,1.088577,0.0100
59046.12000,2.0,1.078692,0.0100
59046.12000,2.1,1.070948,0.0100
59046.12000,2.2,1.078906,0.0100
59046.12000,2.3,1.069904,0.0100
59046.12000,2.4,1.068694,0.0100
59046.12000,2.5,1.064941,0.0100
59046.12000,2.6,1.084089,0.0100
59046.12000,2.7,1.060270,0.0100
59046.12000,2.8,1.083778,0.0100
59046.12000,2.9,1.073453,0.0100
59046.12000,3.0,1.054462,0.0100
59046.12000,3.1,1.072131,0.0100
59046.12000,3.2,1.047454,0.0100
59046.12000,3.3,1.074710,0.0100
59046.12000,3.4,1.077307,0.0100
59046.12000,3.5,1.062531,0.0100
59046.12000,3.6,1.069690,0.0100
59046.12000,3.7,1.087996,0.0100
59046.12000,3.8,1.063397,0.0100
59046.12000,3.9,1.057866,0.0100
59046.12000,4.0,1.083271,0.0100
59046.12000,4.1,1.088081,0.0100
59046.12000,4.2,1.068492,0.0100
59046.12000,4.3,1.078569,0.0100
59046.12000,4.4,1.081869,0.0100
59046.12000,4.5,1.061030,0.0100
59046.12000,4.6,1.063602,0.0100
59046.12000,4.7,1.080763,0.0100
59046.12000,4.8,1.085305,0.0100
59046.12000,4.9,1.074084,0.0100
59046.12000,5.0,1.059657,0.0100
59046.12000,5.1,1.088325,0.0100
59046.12000,5.2,1.063145,0.0100
59046.12000,5.3,1.065103,0.0100
59046.12000,5.4,1.071878,0.0100
59046.12000,5.5,1.083996,0.0100
59046.12000,5.6,1.076994,0.0100
59046.12000,5.7,1.072603,0.0100
59046.12000,5.8,1.073088,0.0100
59046.12000,5.9,1.068890,0.0100
59046.12000,6.0,1.074036,0.0100
59046.12000,6.1,1.043159,0.0100
59046.12000,6.2,1.065489,0.0100
59046.12000,6.3,1.070868,0.0100
59046.12000,6.4,1.056945,0.0100
59046.12000,6.5,1.072318,0.0100
59046.12000,6.6,1.066410,0.0100
59046.12000,6.7,1.086009,0.0100
59046.12000,6.8,1.084185,0.0100
59046.12000,6.9,1.063797,0.0100
59046.12000,7.0,1.066946,0.0100
59046.12000,7.1,1.067715,0.0100
59046.12000,7.2,1.063938,0.0100
59046.12000,7.3,1.070405,0.0100
59046.12000,7.4,1.060872,0.0100
59046.12000,7.5,1.057149,0.0100
59046.12000,7.6,1.074682,0.0100
59046.12000,7.7,1.074750,0.0100
59046.12000,7.8,1.060412,0.0100
59046.12000,7.9,1.077408,0.0100
59046.12000,8.0,1.062139,0.0100
59046.12000,8.1,1.070986,0.0100
59046.12000,8.2,1.076658,0.0100
59046.12000,8.3,1.068119,0.0100
59046.12000,8.4,1.073002,0.0100
59046.12000,8.5,1.063290,0.0100
59046.12000,8.6,1.066490,0.0100
59046.12000,8.7,1.066396,0.0100
59046.12000,8.8,1.060989,0.0100
59046.12000,8.9,1.066687,0.0100
59046.12000,9.0,1.052969,0.0100
59046.12000,9.1,1.063543,0.0100
59046.12000,9.2,1.065606,0.0100
59046.12000,9.3,1.065893,0.0100
59046.12000,9.4,1.066040,0.0100
59046.12000,9.5,1.067837,0.0100
59046.12000,9.6,1.073249,0.0100
59046.12000,9.7,1.077200,0.0100
59046.12000,9.8,1.061957,0.0100
59046.12000,9.9,1.056423,0.0100
59046.12000,10.0,1.058034,0.0100
59046.16000,0.5,1.079561,0.0100
59046.16000,0.6,1.080914,0.0100
59046.16000,0.7,1.076733,0.0100
59046.16000,0.8,1.071472,0.0100
59046.16000,0.9,1.079872,0.0100
59046.16000,1.0,1.086247,0.0100
59046.16000,1.1,1.090383,0.0100
59046.16000,1.2,1.078859,0.0100
59046.16000,1.3,1.080303,0.0100
59046.16000,1.4,1.075166,0.0100
59046.16000,1.5,1.084118,0.0100
59046.16000,1.6,1.075949,0.0100
59046.16000,1.7,1.090164,0.0100
59046.16000,1.8,1.066574,0.0100
59046.16000,1.9,1.080836,0.0100
59046.16000,2.0,1.087444,0.0100
59046.16000,2.1,1.086271,0.0100
59046.16000,2.2,1.111363,0.0100
59046.16000,2.3,1.087931,0.0100
59046.16000,2.4,1.074392,0.0100
59046.16000,2.5,1.083478,0.0100
59046.16000,2.6,1.066670,0.0100
59046.16000,2.7,1.083627,0.0100
59046.16000,2.8,1.076102,0.0100
59046.16000,2.9,1.093587,0.0100
59046.16000,3.0,1.078937,0.0100
59046.16000,3.1,1.083265,0.0100
59046.16000,3.2,1.078077,0.0100
59046.16000,3.3,1.101821,0.0100
59046.16000,3.4,1.081220,0.0100
59046.16000,3.5,1.102758,0.0100
59046.16000,3.6,1.092574,0.0100
59046.16000,3.7,1.089253,0.0100
59046.16000,3.8,1.088120,0.0100
59046.16000,3.9,1.088371,0.0100
59046.16000,4.0,1.065156,0.0100
59046.16000,4.1,1.081644,0.0100
59046.16000,4.2,1.092884,0.0100
59046.16000,4.3,1.083944,0.0100
59046.16000,4.4,1.070381,0.0100
59046.16000,4.5,1.083909,0.0100
59046.16000,4.6,1.101474,0.0100
59046.16000,4.7,1.096902,0.0100
59046.16000,4.8,1.083813,0.0100
59046.16000,4.9,1.093947,0.0100
59046.16000,5.0,1.080768,0.0100
59046.16000,5.1,1.067394,0.0100
59046.16000,5.2,1.075188,0.0100
59046.16000,5.3,1.100062,0.0100
59046.16000,5.4,1.081693,0.0100
59046.16000,5.5,1.081999,0.0100
59046.16000,5.6,1.081434,0.0100
59046.16000,5.7,1.103474,0.0100
59046.16000,5.8,1.100692,0.0100
59046.16000,5.9,1.106621,0.0100
59046.16000,6.0,1.082842,0.0100
59046.16000,6.1,1.087389,0.0100
59046.16000,6.2,1.069266,0.0100
59046.16000,6.3,1.099202,0.0100
59046.16000,6.4,1.072755,0.0100
59046.16000,6.5,1.086601,0.0100
59046.16000,6.6,1.073460,0.0100
59046.16000,6.7,1.078544,0.0100
59046.16000,6.8,1.076060,0.0100
59046.16000,6.9,1.078354,0.0100
59046.16000,7.0,1.079042,0.0100
59046.16000,7.1,1.078950,0.0100
59046.16000,7.2,1.092766,0.0100
59046.16000,7.3,1.073384,0.0100
59046.16000,7.4,1.086638,0.0100
59046.16000,7.5,1.096612,0.0100
59046.16000,7.6,1.079301,0.0100
59046.16000,7.7,1.077254,0.0100
59046.16000,7.8,1.082128,0.0100
59046.16000,7.9,1.096230,0.0100
59046.16000,8.0,1.086374,0.0100
59046.16000,8.1,1.079121,0.0100
59046.16000,8.2,1.089272,0.0100
59046.16000,8.3,1.073410,0.0100
59046.16000,8.4,1.091246,0.0100
59046.16000,8.5,1.088519,0.0100
59046.16000,8.6,1.081355,0.0100
59046.16000,8.7,1.076047,0.0100
59046.16000,8.8,1.075566,0.0100
59046.16000,8.9,1.089781,0.0100
59046.16000,9.0,1.096723,0.0100
59046.16000,9.1,1.078060,0.0100
59046.16000,9.2,1.089017,0.0100
59046.16000,9.3,1.063563,0.0100
59046.16000,9.4,1.078587,0.0100
59046.16000,9.5,1.084122,0.0100
59046.16000,9.6,1.075336,0.0100
59046.16000,9.7,1.075068,0.0100
59046.16000,9.8,1.077755,0.0100
59046.16000,9.9,1.087355,0.0100
59046.16000,10.0,1.082560,0.0100
59046.20000,0.5,1.072723,0.0100
59046.20000,0.6,1.073899,0.0100
59046.20000,0.7,1.089037,0.0100
59046.20000,0.8,1.099683,0.0100
59046.20000,0.9,1.067631,0.0100
59046.20000,1.0,1.090108,0.0100
59046.20000,1.1,1.089843,0.0100
59046.20000,1.2,1.108989,0.0100
59046.20000,1.3,1.091255,0.0100
59046.20000,1.4,1.098936,0.0100
59046.20000,1.5,1.096518,0.0100
59046.20000,1.6,1.073800,0.0100
59046.20000,1.7,1.102788,0.0100
59046.20000,1.8,1.097260,0.0100
59046.20000,1.9,1.100188,0.0100
59046.20000,2.0,1.134368,0.0100
59046.20000,2.1,1.074265,0.0100
59046.20000,2.2,1.112353,0.0100
59046.20000,2.3,1.092231,0.0100
59046.20000,2.4,1.097979,0.0100
59046.20000,2.5,1.094651,0.0100
59046.20000,2.6,1.090863,0.0100
59046.20000,2.7,1.089407,0.0100
59046.20000,2.8,1.098401,0.0100
59046.20000,2.9,1.079934,0.0100
59046.20000,3.0,1.102611,0.0100
59046.20000,3.1,1.090944,0.0100
59046.20000,3.2,1.083805,0.0100
59046.20000,3.3,1.090606,0.0100
59046.20000,3.4,1.107677,0.0100
59046.20000,3.5,1.089752,0.0100
59046.20000,3.6,1.098690,0.0100
59046.20000,3.7,1.087796,0.0100
59046.20000,3.8,1.102685,0.0100
59046.20000,3.9,1.101961,0.0100
59046.20000,4.0,1.113592,0.0100
59046.20000,4.1,1.093350,0.0100
59046.20000,4.2,1.101792,0.0100
59046.20000,4.3,1.096086,0.0100
59046.20000,4.4,1.108064,0.0100
59046.20000,4.5,1.087917,0.0100
59046.20000,4.6,1.102556,0.0100
59046.20000,4.7,1.093159,0.0100
59046.20000,4.8,1.094464,0.0100
59046.20000,4.9,1.096023,0.0100
59046.20000,5.0,1.097628,0.0100
59046.20000,5.1,1.093943,0.0100
59046.20000,5.2,1.097253,0.0100
59046.20000,5.3,1.110887,0.0100
59046.20000,5.4,1.104960,0.0100
59046.20000,5.5,1.103797,0.0100
59046.20000,5.6,1.090550,0.0100
59046.20000,5.7,1.086213,0.0100
59046.20000,5.8,1.104659,0.0100
59046.20000,5.9,1.103866,0.0100
59046.20000,6.0,1.109832,0.0100
59046.20000,6.1,1.089066,0.0100
59046.20000,6.2,1.092810,0.0100
59046.20000,6.3,1.078711,0.0100
59046.20000,6.4,1.091181,0.0100
59046.20000,6.5,1.105071,0.0100
59046.20000,6.6,1.090441,0.0100
59046.20000,6.7,1.101510,0.0100
59046.20000,6.8,1.093201,0.0100
59046.20000,6.9,1.098346,0.0100
59046.20000,7.0,1.083629,0.0100
59046.20000,7.1,1.095958,0.0100
59046.20000,7.2,1.065194,0.0100
59046.20000,7.3,1.093237,0.0100
59046.20000,7.4,1.078801,0.0100
59046.20000,7.5,1.107166,0.0100
59046.20000,7.6,1.102880,0.0100
59046.20000,7.7,1.099772,0.0100
59046.20000,7.8,1.110316,0.0100
59046.20000,7.9,1.085616,0.0100
59046.20000,8.0,1.112579,0.0100
59046.20000,8.1,1.104428,0.0100
59046.20000,8.2,1.092740,0.0100
59046.20000,8.3,1.106462,0.0100
59046.20000,8.4,1.084043,0.0100
59046.20000,8.5,1.086861,0.0100
59046.20000,8.6,1.089020,0.0100
59046.20000,8.7,1.089816,0.0100
59046.20000,8.8,1.084540,0.0100
59046.20000,8.9,1.107336,0.0100
59046.20000,9.0,1.092517,0.0100
59046.20000,9.1,1.098631,0.0100
59046.20000,9.2,1.089402,0.0100
59046.20000,9.3,1.076900,0.0100
59046.20000,9.4,1.097806,0.0100
59046.20000,9.5,1.075983,0.0100
59046.20000,9.6,1.094419,0.0100
59046.20000,9.7,1.081423,0.0100
59046.20000,9.8,1.114978,0.0100
59046.20000,9.9,1.104219,0.0100
59046.20000,10.0,1.096163,0.0100
59046.24000,0.5,1.112440,0.0100
59046.24000,0.6,1.091340,0.0100
59046.24000,0.7,1.105237,0.0100
59046.24000,0.8,1.101801,0.0100
59046.24000,0.9,1.102443,0.0100
59046.24000,1.0,1.112526,0.0100
59046.24000,1.1,1.107128,0.0100
59046.24000,1.2,1.102690,0.0100
59046.24000,1.3,1.083254,0.0100
59046.24000,1.4,1.090202,0.0100
59046.24000,1.5,1.098576,0.0100
59046.24000,1.6,1.100736,0.0100
59046.24000,1.7,1.088501,0.0100
59046.24000,1.8,1.123919,0.0100
59046.24000,1.9,1.114967,0.0100
59046.24000,2.0,1.105824,0.0100
59046.24000,2.1,1.100523,0.0100
59046.24000,2.2,1.097681,0.0100
59046.24000,2.3,1.090283,0.0100
59046.24000,2.4,1.100577,0.0100
59046.24000,2.5,1.102380,0.0100
59046.24000,2.6,1.087385,0.0100
59046.24000,2.7,1.103144,0.0100
59046.24000,2.8,1.098250,0.0100
59046.24000,2.9,1.080725,0.0100
59046.24000,3.0,1.091199,0.0100
59046.24000,3.1,1.095667,0.0100
59046.24000,3.2,1.118680,0.0100
59046.24000,3.3,1.105368,0.0100
59046.24000,3.4,1.086448,0.0100
59046.24000,3.5,1.104663,0.0100
59046.24000,3.6,1.084330,0.0100
59046.24000,3.7,1.110630,0.0100
59046.24000,3.8,1.095091,0.0100
59046.24000,3.9,1.098866,0.0100
59046.24000,4.0,1.113061,0.0100
59046.24000,4.1,1.086931,0.0100
59046.24000,4.2,1.085831,0.0100
59046.24000,4.3,1.093967,0.0100
59046.24000,4.4,1.110186,0.0100
59046.24000,4.5,1.084609,0.0100
59046.24000,4.6,1.071481,0.0100
59046.24000,4.7,1.095291,0.0100
59046.24000,4.8,1.105320,0.0100
59046.24000,4.9,1.111805,0.0100
59046.24000,5.0,1.095171,0.0100
59046.24000,5.1,1.095688,0.0100
59046.24000,5.2,1.111342,0.0100
59046.24000,5.3,1.081105,0.0100
59046.24000,5.4,1.095917,0.0100
59046.24000,5.5,1.101707,0.0100
59046.24000,5.6,1.104295,0.0100
59046.24000,5.7,1.094705,0.0100
59046.24000,5.8,1.100147,0.0100
59046.24000,5.9,1.074919,0.0100
59046.24000,6.0,1.093220,0.0100
59046.24000,6.1,1.104338,0.0100
59046.24000,6.2,1.089980,0.0100
59046.24000,6.3,1.100393,0.0100
59046.24000,6.4,1.104271,0.0100
59046.24000,6.5,1.096377,0.0100
59046.24000,6.6,1.101507,0.0100
59046.24000,6.7,1.090175,0.0100
59046.24000,6.8,1.097737,0.0100
59046.24000,6.9,1.105905,0.0100
59046.24000,7.0,1.101372,0.0100
59046.24000,7.1,1.093937,0.0100
59046.24000,7.2,1.102045,0.0100
59046.24000,7.3,1.106949,0.0100
59046.24000,7.4,1.079303,0.0100
59046.24000,7.5,1.111393,0.0100
59046.24000,7.6,1.096440,0.0100
59046.24000,7.7,1.104058,0.0100
59046.24000,7.8,1.111775,0.0100
59046.24000,7.9,1.086086,0.0100
59046.24000,8.0,1.092708,0.0100
59046.24000,8.1,1.096917,0.0100
59046.24000,8.2,1.091965,0.0100
59046.24000,8.3,1.117152,0.0100
59046.24000,8.4,1.091235,0.0100
59046.24000,8.5,1.094247,0.0100
59046.24000,8.6,1.101847,0.0100
59046.24000,8.7,1.087781,0.0100
59046.24000,8.8,1.095846,0.0100
59046.24000,8.9,1.102977,0.0100
59046.24000,9.0,1.096474,0.0100
59046.24000,9.1,1.098869,0.0100
59046.24000,9.2,1.094509,0.0100
59046.24000,9.3,1.084658,0.0100
59046.24000,9.4,1.103019,0.0100
59046.24000,9.5,1.117352,0.0100
59046.24000,9.6,1.099987,0.0100
59046.24000,9.7,1.102055,0.0100
59046.24000,9.8,1.106730,0.0100
59046.24000,9.9,1.087109,0.0100
59046.24000,10.0,1.116828,0.0100
59046.28000,0.5,1.100252,0.0100
59046.28000,0.6,1.114547,0.0100
59046.28000,0.7,1.090898,0.0100
59046.28000,0.8,1.116409,0.0100
59046.28000,0.9,1.105980,0.0100
59046.28000,1.0,1.103759,0.0100
59046.28000,1.1,1.100569,0.0100
59046.28000,1.2,1.095743,0.0100
59046.28000,1.3,1.110234,0.0100
59046.28000,1.4,1.099632,0.0100
59046.28000,1.5,1.078558,0.0100
59046.28000,1.6,1.087057,0.0100
59046.28000,1.7,1.096370,0.0100
59046.28000,1.8,1.101329,0.0100
59046.28000,1.9,1.097663,0.0100
59046.28000,2.0,1.110418,0.0100
59046.28000,2.1,1.078718,0.0100
59046.28000,2.2,1.099665,0.0100
59046.28000,2.3,1.080049,0.0100
59046.28000,2.4,1.105826,0.0100
59046.28000,2.5,1.097284,0.0100
59046.28000,2.6,1.102425,0.0100
59046.28000,2.7,1.089590,0.0100
59046.28000,2.8,1.111023,0.0100
59046.28000,2.9,1.108646,0.0100
59046.28000,3.0,1.104064,0.0100
59046.28000,3.1,1.096934,0.0100
59046.28000,3.2,1.104027,0.0100
59046.28000,3.3,1.091160,0.0100
59046.28000,3.4,1.106784,0.0100
59046.28000,3.5,1.114724,0.0100
59046.28000,3.6,1.108935,0.0100
59046.28000,3.7,1.090933,0.0100
59046.28000,3.8,1.101843,0.0100
59046.28000,3.9,1.085297,0.0100
59046.28000,4.0,1.103953,0.0100
59046.28000,4.1,1.102735,0.0100
59046.28000,4.2,1.079531,0.0100
59046.28000,4.3,1.086611,0.0100
59046.28000,4.4,1.095397,0.0100
59046.28000,4.5,1.095220,0.0100
59046.28000,4.6,1.086134,0.0100
59046.28000,4.7,1.102119,0.0100
59046.28000,4.8,1.100743,0.0100
59046.28000,4.9,1.096286,0.0100
59046.28000,5.0,1.090671,0.0100
59046.28000,5.1,1.108716,0.0100
59046.28000,5.2,1.114783,0.0100
59046.28000,5.3,1.093393,0.0100
59046.28000,5.4,1.092107,0.0100
59046.28000,5.5,1.103141,0.0100
59046.28000,5.6,1.094648,0.0100
59046.28000,5.7,1.096835,0.0100
59046.28000,5.8,1.105625,0.0100
59046.28000,5.9,1.079135,0.0100
59046.28000,6.0,1.111412,0.0100
59046.28000,6.1,1.098956,0.0100
59046.28000,6.2,1.094114,0.0100
59046.28000,6.3,1.097336,0.0100
59046.28000,6.4,1.097853,0.0100
59046.28000,6.5,1.080917,0.0100
59046.28000,6.6,1.113178,0.0100
59046.28000,6.7,1.098642,0.0100
59046.28000,6.8,1.102659,0.0100
59046.28000,6.9,1.107744,0.0100
59046.28000,7.0,1.088017,0.0100
59046.28000,7.1,1.102963,0.0100
59046.28000,7.2,1.095552,0.0100
59046.28000,7.3,1.106696,0.0100
59046.28000,7.4,1.076956,0.0100
59046.28000,7.5,1.097238,0.0100
59046.28000,7.6,1.092201,0.0100
59046.28000,7.7,1.102551,0.0100
59046.28000,7.8,1.102929,0.0100
59046.28000,7.9,1.091152,0.0100
59046.28000,8.0,1.091107,0.0100
59046.28000,8.1,1.097122,0.0100
59046.28000,8.2,1.089262,0.0100
59046.28000,8.3,1.106649,0.0100
59046.28000,8.4,1.094537,0.0100
59046.28000,8.5,1.069159,0.0100
59046.28000,8.6,1.094481,0.0100
59046.28000,8.7,1.087843,0.0100
59046.28000,8.8,1.081916,0.0100
59046.28000,8.9,1.085854,0.0100
59046.28000,9.0,1.099323,0.0100
59046.28000,9.1,1.111515,0.0100
59046.28000,9.2,1.101361,0.0100
59046.28000,9.3,1.092164,0.0100
59046.28000,9.4,1.102788,0.0100
59046.28000,9.5,1.093638,0.0100
59046.28000,9.6,1.091283,0.0100
59046.28000,9.7,1.086685,0.0100
59046.28000,9.8,1.080710,0.0100
59046.28000,9.9,1.094329,0.0100
59046.28000,10.0,1.099809,0.0100
59046.32000,0.5,1.089516,0.0100
59046.32000,0.6,1.086323,0.0100
59046.32000,0.7,1.081025,0.0100
59046.32000,0.8,1.096565,0.0100
59046.32000,0.9,1.077311,0.0100
59046.32000,1.0,1.098243,0.0100
59046.32000,1.1,1.080461,0.0100
59046.32000,1.2,1.082958,0.0100
59046.32000,1.3,1.075815,0.0100
59046.32000,1.4,1.085469,0.0100
59046.32000,1.5,1.100236,0.0100
59046.32000,1.6,1.095639,0.0100
59046.32000,1.7,1.100267,0.0100
59046.32000,1.8,1.095704,0.0100
59046.32000,1.9,1.079446,0.0100
59046.32000,2.0,1.087175,0.0100
59046.32000,2.1,1.082681,0.0100
59046.32000,2.2,1.103788,0.0100
59046.32000,2.3,1.078515,0.0100
59046.32000,2.4,1.099420,0.0100
59046.32000,2.5,1.099412,0.0100
59046.32000,2.6,1.108779,0.0100
59046.32000,2.7,1.086386,0.0100
59046.32000,2.8,1.097606,0.0100
59046.32000,2.9,1.113299,0.0100
59046.32000,3.0,1.084306,0.0100
59046.32000,3.1,1.075132,0.0100
59046.32000,3.2,1.071683,0.0100
59046.32000,3.3,1.097610,0.0100
59046.32000,3.4,1.071651,0.0100
59046.32000,3.5,1.086760,0.0100
59046.32000,3.6,1.094856,0.0100
59046.32000,3.7,1.092334,0.0100
59046.32000,3.8,1.094737,0.0100
59046.32000,3.9,1.092706,0.0100
59046.32000,4.0,1.103271,0.0100
59046.32000,4.1,1.080960,0.0100
59046.32000,4.2,1.083713,0.0100
59046.32000,4.3,1.082756,0.0100
59046.32000,4.4,1.098785,0.0100
59046.32000,4.5,1.099487,0.0100
59046.32000,4.6,1.094995,0.0100
59046.32000,4.7,1.102318,0.0100
59046.32000,4.8,1.078702,0.0100
59046.32000,4.9,1.107155,0.0100
59046.32000,5.0,1.105715,0.0100
59046.32000,5.1,1.097839,0.0100
59046.32000,5.2,1.108301,0.0100
59046.32000,5.3,1.073916,0.0100
59046.32000,5.4,1.085238,0.0100
59046.32000,5.5,1.083130,0.0100
59046.32000,5.6,1.097697,0.0100
59046.32000,5.7,1.079981,0.0100
59046.32000,5.8,1.098058,0.0100
59046.32000,5.9,1.104188,0.0100
59046.32000,6.0,1.097435,0.0100
59046.32000,6.1,1.093320,0.0100
59046.32000,6.2,1.080604,0.0100
59046.32000,6.3,1.082014,0.0100
59046.32000,6.4,1.102979,0.0100
59046.32000,6.5,1.098276,0.0100
59046.32000,6.6,1.090093,0.0100
59046.32000,6.7,1.086304,0.0100
59046.32000,6.8,1.070225,0.0100
59046.32000,6.9,1.079774,0.0100
59046.32000,7.0,1.109597,0.0100
59046.32000,7.1,1.077678,0.0100
59046.32000,7.2,1.092378,0.0100
59046.32000,7.3,1.100557,0.0100
59046.32000,7.4,1.077933,0.0100
59046.32000,7.5,1.092330,0.0100
59046.32000,7.6,1.099862,0.0100
59046.32000,7.7,1.090608,0.0100
59046.32000,7.8,1.119167,0.0100
59046.32000,7.9,1.073797,0.0100
59046.32000,8.0,1.101070,0.0100
59046.32000,8.1,1.088755,0.0100
59046.32000,8.2,1.098202,0.0100
59046.32000,8.3,1.094896,0.0100
59046.32000,8.4,1.083151,0.0100
59046.32000,8.5,1.092773,0.0100
59046.32000,8.6,1.071904,0.0100
59046.32000,8.7,1.096515,0.0100
59046.32000,8.8,1.093464,0.0100
59046.32000,8.9,1.096869,0.0100
59046.32000,9.0,1.101064,0.0100
59046.32000,9.1,1.094159,0.0100
59046.32000,9.2,1.091964,0.0100
59046.32000,9.3,1.081672,0.0100
59046.32000,9.4,1.083360,0.0100
59046.32000,9.5,1.102350,0.0100
59046.32000,9.6,1.104846,0.0100
59046.32000,9.7,1.088102,0.0100
59046.32000,9.8,1.090943,0.0100
59046.32000,9.9,1.081437,0.0100
59046.32000,10.0,1.102210,0.0100
59046.36000,0.5,1.083705,0.0100
59046.36000,0.6,1.096463,0.0100
59046.36000,0.7,1.068268,0.0100
59046.36000,0.8,1.073271,0.0100
59046.36000,0.9,1.079366,0.0100
59046.36000,1.0,1.083516,0.0100
59046.36000,1.1,1.074895,0.0100
59046.36000,1.2,1.068322,0.0100
59046.36000,1.3,1.085865,0.0100
59046.36000,1.4,1.084263,0.0100
59046.36000,1.5,1.067889,0.0100
59046.36000,1.6,1.090606,0.0100
59046.36000,1.7,1.088753,0.0100
59046.36000,1.8,1.078394,0.0100
59046.36000,1.9,1.077847,0.0100
59046.36000,2.0,1.082592,0.0100
59046.36000,2.1,1.068434,0.0100
59046.36000,2.2,1.077352,0.0100
59046.36000,2.3,1.055527,0.0100
59046.36000,2.4,1.085816,0.0100
59046.36000,2.5,1.061436,0.0100
59046.36000,2.6,1.092086,0.0100
59046.36000,2.7,1.073750,0.0100
59046.36000,2.8,1.074935,0.0100
59046.36000,2.9,1.070774,0.0100
59046.36000,3.0,1.074171,0.0100
59046.36000,3.1,1.091237,0.0100
59046.36000,3.2,1.052173,0.0100
59046.36000,3.3,1.089821,0.0100
59046.36000,3.4,1.080432,0.0100
59046.36000,3.5,1.064981,0.0100
59046.36000,3.6,1.066298,0.0100
59046.36000,3.7,1.093815,0.0100
59046.36000,3.8,1.067596,0.0100
59046.36000,3.9,1.065518,0.0100
59046.36000,4.0,1.088424,0.0100
59046.36000,4.1,1.080437,0.0100
59046.36000,4.2,1.067672,0.0100
59046.36000,4.3,1.079218,0.0100
59046.36000,4.4,1.066794,0.0100
59046.36000,4.5,1.088060,0.0100
59046.36000,4.6,1.087665,0.0100
59046.36000,4.7,1.082371,0.0100
59046.36000,4.8,1.080668,0.0100
59046.36000,4.9,1.094663,0.0100
59046.36000,5.0,1.077048,0.0100
59046.36000,5.1,1.065233,0.0100
59046.36000,5.2,1.081546,0.0100
59046.36000,5.3,1.097912,0.0100
59046.36000,5.4,1.066904,0.0100
59046.36000,5.5,1.073437,0.0100
59046.36000,5.6,1.081216,0.0100
59046.36000,5.7,1.076512,0.0100
59046.36000,5.8,1.067228,0.0100
59046.36000,5.9,1.088270,0.0100
59046.36000,6.0,1.100252,0.0100
59046.36000,6.1,1.079013,0.0100
59046.36000,6.2,1.068011,0.0100
59046.36000,6.3,1.061562,0.0100
59046.36000,6.4,1.079631,0.0100
59046.36000,6.5,1.088090,0.0100
59046.36000,6.6,1.081803,0.0100
59046.36000,6.7,1.077027,0.0100
59046.36000,6.8,1.071159,0.0100
59046.36000,6.9,1.066130,0.0100
59046.36000,7.0,1.085399,0.0100
59046.36000,7.1,1.086189,0.0100
59046.36000,7.2,1.061594,0.0100
59046.36000,7.3,1.092950,0.0100
59046.36000,7.4,1.082792,0.0100
59046.36000,7.5,1.091047,0.0100
59046.36000,7.6,1.063630,0.0100
59046.36000,7.7,1.063393,0.0100
59046.36000,7.8,1.075562,0.0100
59046.36000,7.9,1.082079,0.0100
59046.36000,8.0,1.095015,0.0100
59046.36000,8.1,1.084112,0.0100
59046.36000,8.2,1.074625,0.0100
59046.36000,8.3,1.066788,0.0100
59046.36000,8.4,1.089351,0.0100
59046.36000,8.5,1.067404,0.0100
59046.36000,8.6,1.093336,0.0100
59046.36000,8.7,1.074207,0.0100
59046.36000,8.8,1.092957,0.0100
59046.36000,8.9,1.083841,0.0100
59046.36000,9.0,1.075681,0.0100
59046.36000,9.1,1.071857,0.0100
59046.36000,9.2,1.073642,0.0100
59046.36000,9.3,1.081334,0.0100
59046.36000,9.4,1.077823,0.0100
59046.36000,9.5,1.071113,0.0100
59046.36000,9.6,1.075395,0.0100
59046.36000,9.7,1.077837,0.0100
59046.36000,9.8,1.055764,0.0100
59046.36000,9.9,1.081633,0.0100
59046.36000,10.0,1.067254,0.0100
59046.40000,0.5,1.047245,0.0100
59046.40000,0.6,1.041905,0.0100
59046.40000,0.7,1.040840,0.0100
59046.40000,0.8,1.045224,0.0100
59046.40000,0.9,1.051688,0.0100
59046.40000,1.0,1.078311,0.0100
59046.40000,1.1,1.053520,0.0100
59046.40000,1.2,1.060556,0.0100
59046.40000,1.3,1.062783,0.0100
59046.40000,1.4,1.060089,0.0100
59046.40000,1.5,1.058004,0.0100
59046.40000,1.6,1.046826,0.0100
59046.40000,1.7,1.073288,0.0100
59046.40000,1.8,1.076850,0.0100
59046.40000,1.9,1.041952,0.0100
59046.40000,2.0,1.048538,0.0100
59046.40000,2.1,1.055980,0.0100
59046.40000,2.2,1.049133,0.0100
59046.40000,2.3,1.063838,0.0100
59046.40000,2.4,1.051496,0.0100
59046.40000,2.5,1.080429,0.0100
59046.40000,2.6,1.070684,0.0100
59046.40000,2.7,1.060904,0.0100
59046.40000,2.8,1.069048,0.0100
59046.40000,2.9,1.069838,0.0100
59046.40000,3.0,1.053139,0.0100
59046.40000,3.1,1.050616,0.0100
59046.40000,3.2,1.059560,0.0100
59046.40000,3.3,1.067395,0.0100
59046.40000,3.4,1.060169,0.0100
59046.40000,3.5,1.043009,0.0100
59046.40000,3.6,1.050750,0.0100
59046.40000,3.7,1.058039,0.0100
59046.40000,3.8,1.058022,0.0100
59046.40000,3.9,1.078504,0.0100
59046.40000,4.0,1.044919,0.0100
59046.40000,4.1,1.063834,0.0100
59046.40000,4.2,1.073670,0.0100
59046.40000,4.3,1.081493,0.0100
59046.40000,4.4,1.054735,0.0100
59046.40000,4.5,1.063693,0.0100
59046.40000,4.6,1.064476,0.0100
59046.40000,4.7,1.060733,0.0100
59046.40000,4.8,1.057790,0.0100
59046.40000,4.9,1.063138,0.0100
59046.40000,5.0,1.033456,0.0100
59046.40000,5.1,1.065599,0.0100
59046.40000,5.2,1.060040,0.0100
59046.40000,5.3,1.056554,0.0100
59046.40000,5.4,1.079247,0.0100
59046.40000,5.5,1.052029,0.0100
59046.40000,5.6,1.054748,0.0100
59046.40000,5.7,1.078694,0.0100
59046.40000,5.8,1.050458,0.0100
59046.40000,5.9,1.053277,0.0100
59046.40000,6.0,1.057308,0.0100
59046.40000,6.1,1.067186,0.0100
59046.40000,6.2,1.060857,0.0100
59046.40000,6.3,1.045852,0.0100
59046.40000,6.4,1.053457,0.0100
59046.40000,6.5,1.052705,0.0100
59046.40000,6.6,1.058006,0.0100
59046.40000,6.7,1.063037,0.0100
59046.40000,6.8,1.062961,0.0100
59046.40000,6.9,1.041018,0.0100
59046.40000,7.0,1.069418,0.0100
59046.40000,7.1,1.061304,0.0100
59046.40000,7.2,1.072624,0.0100
59046.40000,7.3,1.063221,0.0100
59046.40000,7.4,1.069792,0.0100
59046.40000,7.5,1.063444,0.0100
59046.40000,7.6,1.072241,0.0100
59046.40000,7.7,1.064001,0.0100
59046.40000,7.8,1.057799,0.0100
59046.40000,7.9,1.081503,0.0100
59046.40000,8.0,1.067669,0.0100
59046.40000,8.1,1.064516,0.0100
59046.40000,8.2,1.046015,0.0100
59046.40000,8.3,1.045895,0.0100
59046.40000,8.4,1.061706,0.0100
59046.40000,8.5,1.060234,0.0100
59046.40000,8.6,1.052637,0.0100
59046.40000,8.7,1.060188,0.0100
59046.40000,8.8,1.074665,0.0100
59046.40000,8.9,1.065733,0.0100
59046.40000,9.0,1.047368,0.0100
59046.40000,9.1,1.057663,0.0100
59046.40000,9.2,1.050729,0.0100
59046.40000,9.3,1.054902,0.0100
59046.40000,9.4,1.054642,0.0100
59046.40000,9.5,1.054002,0.0100
59046.40000,9.6,1.046227,0.0100
59046.40000,9.7,1.057502,0.0100
59046.40000,9.8,1.053172,0.0100
59046.40000,9.9,1.029484,0.0100
59046.40000,10.0,1.079308,0.0100
59046.44000,0.5,1.047700,0.0100
59046.44000,0.6,1.033049,0.0100
59046.44000,0.7,1.037001,0.0100
59046.44000,0.8,1.025096,0.0100
59046.44000,0.9,1.053770,0.0100
59046.44000,1.0,1.055785,0.0100
59046.44000,1.1,1.038379,0.0100
59046.44000,1.2,1.047048,0.0100
59046.44000,1.3,1.038565,0.0100
59046.44000,1.4,1.023445,0.0100
59046.44000,1.5,1.032694,0.0100
59046.44000,1.6,1.038132,0.0100
59046.44000,1.7,1.032267,0.0100
59046.44000,1.8,1.034626,0.0100
59046.44000,1.9,1.035898,0.0100
59046.44000,2.0,1.036004,0.0100
59046.44000,2.1,1.037335,0.0100
59046.44000,2.2,1.026206,0.0100
59046.44000,2.3,1.029642,0.0100
59046.44000,2.4,1.023967,0.0100
59046.44000,2.5,1.046591,0.0100
59046.44000,2.6,1.015756,0.0100
59046.44000,2.7,1.048348,0.0100
59046.44000,2.8,1.050676,0.0100
59046.44000,2.9,1.033791,0.0100
59046.44000,3.0,1.010781,0.0100
59046.44000,3.1,1.033199,0.0100
59046.44000,3.2,1.036171,0.0100
59046.44000,3.3,1.026706,0.0100
59046.44000,3.4,1.031660,0.0100
59046.44000,3.5,1.052114,0.0100
59046.44000,3.6,1.043462,0.0100
59046.44000,3.7,1.027567,0.0100
59046.44000,3.8,1.020836,0.0100
59046.44000,3.9,1.033542,0.0100
59046.44000,4.0,1.034678,0.0100
59046.44000,4.1,1.041774,0.0100
59046.44000,4.2,1.031459,0.0100
59046.44000,4.3,1.041927,0.0100
59046.44000,4.4,1.056164,0.0100
59046.44000,4.5,1.044967,0.0100
59046.44000,4.6,1.036332,0.0100
59046.44000,4.7,1.034981,0.0100
59046.44000,4.8,1.033246,0.0100
59046.44000,4.9,1.048619,0.0100
59046.44000,5.0,1.030539,0.0100
59046.44000,5.1,1.037265,0.0100
59046.44000,5.2,1.037324,0.0100
59046.44000,5.3,1.031795,0.0100
59046.44000,5.4,1.023088,0.0100
59046.44000,5.5,1.040042,0.0100
59046.44000,5.6,1.036202,0.0100
59046.44000,5.7,1.041815,0.0100
59046.44000,5.8,1.031476,0.0100
59046.44000,5.9,1.049021,0.0100
59046.44000,6.0,1.028045,0.0100
59046.44000,6.1,1.053933,0.0100
59046.44000,6.2,1.019336,0.0100
59046.44000,6.3,1.041160,0.0100
59046.44000,6.4,1.041567,0.0100
59046.44000,6.5,1.028857,0.0100
59046.44000,6.6,1.041056,0.0100
59046.44000,6.7,1.049608,0.0100
59046.44000,6.8,1.014644,0.0100
59046.44000,6.9,1.041840,0.0100
59046.44000,7.0,1.011880,0.0100
59046.44000,7.1,1.027156,0.0100
59046.44000,7.2,1.053104,0.0100
59046.44000,7.3,1.030995,0.0100
59046.44000,7.4,1.025074,0.0100
59046.44000,7.5,1.034833,0.0100
59046.44000,7.6,1.057492,0.0100
59046.44000,7.7,1.018496,0.0100
59046.44000,7.8,1.026299,0.0100
59046.44000,7.9,1.051787,0.0100
59046.44000,8.0,1.055389,0.0100
59046.44000,8.1,1.035778,0.0100
59046.44000,8.2,1.024422,0.0100
59046.44000,8.3,1.057771,0.0100
59046.44000,8.4,1.052757,0.0100
59046.44000,8.5,1.043602,0.0100
59046.44000,8.6,1.028688,0.0100
59046.44000,8.7,1.036322,0.0100
59046.44000,8.8,1.035209,0.0100
59046.44000,8.9,1.040121,0.0100
59046.44000,9.0,1.051322,0.0100
59046.44000,9.1,1.045607,0.0100
59046.44000,9.2,1.026039,0.0100
59046.44000,9.3,1.050577,0.0100
59046.44000,9.4,1.039944,0.0100
59046.44000,9.5,1.043683,0.0100
59046.44000,9.6,1.051478,0.0100
59046.44000,9.7,1.025697,0.0100
59046.44000,9.8,1.036454,0.0100
59046.44000,9.9,1.031498,0.0100
59046.44000,10.0,1.021134,0.0100
59046.48000,0.5,1.016000,0.0100
59046.48000,0.6,1.037649,0.0100
59046.48000,0.7,0.994133,0.0100
59046.48000,0.8,1.012211,0.0100
59046.48000,0.9,1.018939,0.0100
59046.48000,1.0,1.013764,0.0100
59046.48000,1.1,1.011402,0.0100
59046.48000,1.2,0.999541,0.0100
59046.48000,1.3,1.014861,0.0100
59046.48000,1.4,1.004966,0.0100
59046.48000,1.5,0.990634,0.0100
59046.48000,1.6,1.024479,0.0100
59046.48000,1.7,1.022117,0.0100
59046.48000,1.8,1.013050,0.0100
59046.48000,1.9,1.014824,0.0100
59046.48000,2.0,1.023277,0.0100
59046.48000,2.1,1.014777,0.0100
59046.48000,2.2,1.021573,0.0100
59046.48000,2.3,1.009559,0.0100
59046.48000,2.4,1.025653,0.0100
59046.48000,2.5,1.015741,0.0100
59046.48000,2.6,1.014474,0.0100
59046.48000,2.7,0.999833,0.0100
59046.48000,2.8,1.015403,0.0100
59046.48000,2.9,1.004214,0.0100
59046.48000,3.0,1.006150,0.0100
59046.48000,3.1,1.004380,0.0100
59046.48000,3.2,1.001871,0.0100
59046.48000,3.3,1.033781,0.0100
59046.48000,3.4,1.025847,0.0100
59046.48000,3.5,1.031737,0.0100
59046.48000,3.6,1.000304,0.0100
59046.48000,3.7,1.013246,0.0100
59046.48000,3.8,0.999598,0.0100
59046.48000,3.9,1.005576,0.0100
59046.48000,4.0,1.003352,0.0100
59046.48000,4.1,1.024929,0.0100
59046.48000,4.2,1.008571,0.0100
59046.48000,4.3,1.023217,0.0100
59046.48000,4.4,1.018575,0.0100
59046.48000,4.5,1.035570,0.0100
59046.48000,4.6,0.997739,0.0100
59046.48000,4.7,1.025126,0.0100
59046.48000,4.8,1.023998,0.0100
59046.48000,4.9,1.002800,0.0100
59046.48000,5.0,1.022605,0.0100
59046.48000,5.1,1.015895,0.0100
59046.48000,5.2,1.010259,0.0100
59046.48000,5.3,1.004294,0.0100
59046.48000,5.4,1.005342,0.0100
59046.48000,5.5,1.033031,0.0100
59046.48000,5.6,1.012540,0.0100
59046.48000,5.7,1.020355,0.0100
59046.48000,5.8,1.004624,0.0100
59046.48000,5.9,1.004735,0.0100
59046.48000,6.0,1.023353,0.0100
59046.48000,6.1,0.999038,0.0100
59046.48000,6.2,1.008381,0.0100
59046.48000,6.3,1.012874,0.0100
59046.48000,6.4,1.013647,0.0100
59046.48000,6.5,1.010742,0.0100
59046.48000,6.6,1.016492,0.0100
59046.48000,6.7,1.019462,0.0100
59046.48000,6.8,1.019880,0.0100
59046.48000,6.9,1.002675,0.0100
59046.48000,7.0,1.009692,0.0100
59046.48000,7.1,1.024481,0.0100
59046.48000,7.2,1.021480,0.0100
59046.48000,7.3,0.998805,0.0100
59046.48000,7.4,1.016048,0.0100
59046.48000,7.5,0.992751,0.0100
59046.48000,7.6,1.013003,0.0100
59046.48000,7.7,1.031511,0.0100
59046.48000,7.8,1.003054,0.0100
59046.48000,7.9,1.004190,0.0100
59046.48000,8.0,1.020174,0.0100
59046.48000,8.1,0.997105,0.0100
59046.48000,8.2,1.006206,0.0100
59046.48000,8.3,1.018498,0.0100
59046.48000,8.4,1.006190,0.0100
59046.48000,8.5,1.010174,0.0100
59046.48000,8.6,1.019975,0.0100
59046.48000,8.7,1.016749,0.0100
59046.48000,8.8,1.015202,0.0100
59046.48000,8.9,1.009142,0.0100
59046.48000,9.0,1.016234,0.0100
59046.48000,9.1,1.011296,0.0100
59046.48000,9.2,1.017111,0.0100
59046.48000,9.3,1.007564,0.0100
59046.48000,9.4,1.010708,0.0100
59046.48000,9.5,1.002634,0.0100
59046.48000,9.6,1.012183,0.0100
59046.48000,9.7,1.004423,0.0100
59046.48000,9.8,1.001393,0.0100
59046.48000,9.9,1.015120,0.0100
59046.48000,10.0,1.014661,0.0100
59046.52000,0.5,0.995295,0.0100
59046.52000,0.6,0.983155,0.0100
59046.52000,0.7,0.991547,0.0100
59046.52000,0.8,0.992975,0.0100
59046.52000,0.9,0.991914,0.0100
59046.52000,1.0,0.979210,0.0100
59046.52000,1.1,0.988960,0.0100
59046.52000,1.2,0.991108,0.0100
59046.52000,1.3,0.987538,0.0100
59046.52000,1.4,0.966602,0.0100
59046.52000,1.5,0.989072,0.0100
59046.52000,1.6,1.009592,0.0100
59046.52000,1.7,0.983866,0.0100
59046.52000,1.8,0.980186,0.0100
59046.52000,1.9,0.991200,0.0100
59046.52000,2.0,0.990590,0.0100
59046.52000,2.1,0.999394,0.0100
59046.52000,2.2,0.974888,0.0100
59046.52000,2.3,0.994780,0.0100
59046.52000,2.4,0.993371,0.0100
59046.52000,2.5,0.986045,0.0100
59046.52000,2.6,0.990854,0.0100
59046.52000,2.7,0.997761,0.0100
59046.52000,2.8,0.996190,0.0100
59046.52000,2.9,0.976036,0.0100
59046.52000,3.0,0.995668,0.0100
59046.52000,3.1,0.986820,0.0100
59046.52000,3.2,0.988195,0.0100
59046.52000,3.3,0.988199,0.0100
59046.52000,3.4,0.985964,0.0100
59046.52000,3.5,0.999384,0.0100
59046.52000,3.6,0.986629,0.0100
59046.52000,3.7,0.976271,0.0100
59046.52000,3.8,0.983531,0.0100
59046.52000,3.9,0.989254,0.0100
59046.52000,4.0,0.999759,0.0100
59046.52000,4.1,0.993498,0.0100
59046.52000,4.2,0.978961,0.0100
59046.52000,4.3,1.012319,0.0100
59046.52000,4.4,0.990114,0.0100
59046.52000,4.5,1.000221,0.0100
59046.52000,4.6,0.985950,0.0100
59046.52000,4.7,0.992800,0.0100
59046.52000,4.8,0.995861,0.0100
59046.52000,4.9,0.999649,0.0100
59046.52000,5.0,0.998040,0.0100
59046.52000,5.1,0.996189,0.0100
59046.52000,5.2,0.984316,0.0100
59046.52000,5.3,0.981749,0.0100
59046.52000,5.4,0.990793,0.0100
59046.52000,5.5,0.996798,0.0100
59046.52000,5.6,0.985239,0.0100
59046.52000,5.7,0.998118,0.0100
59046.52000,5.8,1.001993,0.0100
59046.52000,5.9,0.978303,0.0100
59046.52000,6.0,0.979097,0.0100
59046.52000,6.1,0.986063,0.0100
59046.52000,6.2,0.990543,0.0100
59046.52000,6.3,0.982221,0.0100
59046.52000,6.4,1.000989,0.0100
59046.52000,6.5,0.991707,0.0100
59046.52000,6.6,0.987861,0.0100
59046.52000,6.7,0.973108,0.0100
59046.52000,6.8,0.974309,0.0100
59046.52000,6.9,0.990277,0.0100
59046.52000,7.0,0.966141,0.0100
59046.52000,7.1,0.997593,0.0100
59046.52000,7.2,0.985885,0.0100
59046.52000,7.3,1.019898,0.0100
59046.52000,7.4,1.010546,0.0100
59046.52000,7.5,0.985652,0.0100
59046.52000,7.6,0.986403,0.0100
59046.52000,7.7,0.997422,0.0100
59046.52000,7.8,1.004498,0.0100
59046.52000,7.9,0.971086,0.0100
59046.52000,8.0,0.969603,0.0100
59046.52000,8.1,0.981246,0.0100
59046.52000,8.2,0.993294,0.0100
59046.52000,8.3,0.992435,0.0100
59046.52000,8.4,0.998164,0.0100
59046.52000,8.5,0.975470,0.0100
59046.52000,8.6,0.964305,0.0100
59046.52000,8.7,0.996047,0.0100
59046.52000,8.8,0.979185,0.0100
59046.52000,8.9,0.967282,0.0100
59046.52000,9.0,0.988917,0.0100
59046.52000,9.1,0.995398,0.0100
59046.52000,9.2,0.986246,0.0100
59046.52000,9.3,0.982888,0.0100
59046.52000,9.4,0.985873,0.0100
59046.52000,9.5,0.983761,0.0100
59046.52000,9.6,0.973986,0.0100
59046.52000,9.7,0.980320,0.0100
59046.52000,9.8,0.992679,0.0100
59046.52000,9.9,0.990683,0.0100
59046.52000,10.0,0.989147,0.0100
59046.56000,0.5,0.953236,0.0100
59046.56000,0.6,0.961373,0.0100
59046.56000,0.7,0.941417,0.0100
59046.56000,0.8,0.964972,0.0100
59046.56000,0.9,0.977476,0.0100
59046.56000,1.0,0.948446,0.0100
59046.56000,1.1,0.957328,0.0100
59046.56000,1.2,0.966479,0.0100
59046.56000,1.3,0.975716,0.0100
59046.56000,1.4,0.958705,0.0100
59046.56000,1.5,0.956265,0.0100
59046.56000,1.6,0.943498,0.0100
59046.56000,1.7,0.964222,0.0100
59046.56000,1.8,0.983608,0.0100
59046.56000,1.9,0.965961,0.0100
59046.56000,2.0,0.962965,0.0100
59046.56000,2.1,0.966408,0.0100
59046.56000,2.2,0.963077,0.0100
59046.56000,2.3,0.955057,0.0100
59046.56000,2.4,0.971420,0.0100
59046.56000,2.5,0.965445,0.0100
59046.56000,2.6,0.963364,0.0100
59046.56000,2.7,0.953434,0.0100
59046.56000,2.8,0.976223,0.0100
59046.56000,2.9,0.969835,0.0100
59046.56000,3.0,0.957658,0.0100
59046.56000,3.1,0.973206,0.0100
59046.56000,3.2,0.958212,0.0100
59046.56000,3.3,0.955368,0.0100
59046.56000,3.4,0.955591,0.0100
59046.56000,3.5,0.945477,0.0100
59046.56000,3.6,0.967903,0.0100
59046.56000,3.7,0.944876,0.0100
59046.56000,3.8,0.950903,0.0100
59046.56000,3.9,0.942432,0.0100
59046.56000,4.0,0.962327,0.0100
59046.56000,4.1,0.961684,0.0100
59046.56000,4.2,0.959921,0.0100
59046.56000,4.3,0.952762,0.0100
59046.56000,4.4,0.951465,0.0100
59046.56000,4.5,0.967831,0.0100
59046.56000,4.6,0.957682,0.0100
59046.56000,4.7,0.966351,0.0100
59046.56000,4.8,0.954335,0.0100
59046.56000,4.9,0.964998,0.0100
59046.56000,5.0,0.976220,0.0100
59046.56000,5.1,0.969049,0.0100
59046.56000,5.2,0.959063,0.0100
59046.56000,5.3,0.965760,0.0100
59046.56000,5.4,0.960781,0.0100
59046.56000,5.5,0.963266,0.0100
59046.56000,5.6,0.959931,0.0100
59046.56000,5.7,0.961544,0.0100
59046.56000,5.8,0.965308,0.0100
59046.56000,5.9,0.953254,0.0100
59046.56000,6.0,0.953029,0.0100
59046.56000,6.1,0.949302,0.0100
59046.56000,6.2,0.947185,0.0100
59046.56000,6.3,0.951015,0.0100
59046.56000,6.4,0.964782,0.0100
59046.56000,6.5,0.954260,0.0100
59046.56000,6.6,0.968324,0.0100
59046.56000,6.7,0.963535,0.0100
59046.56000,6.8,0.943503,0.0100
59046.56000,6.9,0.969737,0.0100
59046.56000,7.0,0.971296,0.0100
59046.56000,7.1,0.953249,0.0100
59046.56000,7.2,0.967389,0.0100
59046.56000,7.3,0.954623,0.0100
59046.56000,7.4,0.964164,0.0100
59046.56000,7.5,0.950543,0.0100
59046.56000,7.6,0.945256,0.0100
59046.56000,7.7,0.959359,0.0100
59046.56000,7.8,0.961950,0.0100
59046.56000,7.9,0.959211,0.0100
59046.56000,8.0,0.951347,0.0100
59046.56000,8.1,0.959189,0.0100
59046.56000,8.2,0.965880,0.0100
59046.56000,8.3,0.962739,0.0100
59046.56000,8.4,0.965013,0.0100
59046.56000,8.5,0.956486,0.0100
59046.56000,8.6,0.974905,0.0100
59046.56000,8.7,0.951426,0.0100
59046.56000,8.8,0.968063,0.0100
59046.56000,8.9,0.975006,0.0100
59046.56000,9.0,0.967997,0.0100
59046.56000,9.1,0.961162,0.0100
59046.56000,9.2,0.957905,0.0100
59046.56000,9.3,0.973548,0.0100
59046.56000,9.4,0.948958,0.0100
59046.56000,9.5,0.953486,0.0100
59046.56000,9.6,0.959212,0.0100
59046.56000,9.7,0.975564,0.0100
59046.56000,9.8,0.966985,0.0100
59046.56000,9.9,0.953507,0.0100
59046.56000,10.0,0.960084,0.0100
59046.60000,0.5,0.935078,0.0100
59046.60000,0.6,0.934124,0.0100
59046.60000,0.7,0.951010,0.0100
59046.60000,0.8,0.927504,0.0100
59046.60000,0.9,0.957309,0.0100
59046.60000,1.0,0.949504,0.0100
59046.60000,1.1,0.952130,0.0100
59046.60000,1.2,0.936592,0.0100
59046.60000,1.3,0.939722,0.0100
59046.60000,1.4,0.926890,0.0100
59046.60000,1.5,0.935975,0.0100
59046.60000,1.6,0.946158,0.0100
59046.60000,1.7,0.954182,0.0100
59046.60000,1.8,0.930150,0.0100
59046.60000,1.9,0.937566,0.0100
59046.60000,2.0,0.939708,0.0100
59046.60000,2.1,0.927264,0.0100
59046.60000,2.2,0.947135,0.0100
59046.60000,2.3,0.933982,0.0100
59046.60000,2.4,0.939268,0.0100
59046.60000,2.5,0.936702,0.0100
59046.60000,2.6,0.933328,0.0100
59046.60000,2.7,0.941151,0.0100
59046.60000,2.8,0.939065,0.0100
59046.60000,2.9,0.937503,0.0100
59046.60000,3.0,0.933937,0.0100
59046.60000,3.1,0.944417,0.0100
59046.60000,3.2,0.957758,0.0100
59046.60000,3.3,0.942620,0.0100
59046.60000,3.4,0.951183,0.0100
59046.60000,3.5,0.927319,0.0100
59046.60000,3.6,0.942799,0.0100
59046.60000,3.7,0.930248,0.0100
59046.60000,3.8,0.926452,0.0100
59046.60000,3.9,0.933828,0.0100
59046.60000,4.0,0.953140,0.0100
59046.60000,4.1,0.950722,0.0100
59046.60000,4.2,0.943652,0.0100
59046.60000,4.3,0.925894,0.0100
59046.60000,4.4,0.939259,0.0100
59046.60000,4.5,0.944238,0.0100
59046.60000,4.6,0.942977,0.0100
59046.60000,4.7,0.922784,0.0100
59046.60000,4.8,0.932318,0.0100
59046.60000,4.9,0.940581,0.0100
59046.60000,5.0,0.946584,0.0100
59046.60000,5.1,0.919260,0.0100
59046.60000,5.2,0.939600,0.0100
59046.60000,5.3,0.942652,0.0100
59046.60000,5.4,0.949718,0.0100
59046.60000,5.5,0.948150,0.0100
59046.60000,5.6,0.947047,0.0100
59046.60000,5.7,0.933222,0.0100
59046.60000,5.8,0.922141,0.0100
59046.60000,5.9,0.937291,0.0100
59046.60000,6.0,0.951238,0.0100
59046.60000,6.1,0.955156,0.0100
59046.60000,6.2,0.948327,0.0100
59046.60000,6.3,0.945515,0.0100
59046.60000,6.4,0.945018,0.0100
59046.60000,6.5,0.935660,0.0100
59046.60000,6.6,0.939921,0.0100
59046.60000,6.7,0.957912,0.0100
59046.60000,6.8,0.931796,0.0100
59046.60000,6.9,0.957369,0.0100
59046.60000,7.0,0.938001,0.0100
59046.60000,7.1,0.954476,0.0100
59046.60000,7.2,0.927153,0.0100
59046.60000,7.3,0.947081,0.0100
59046.60000,7.4,0.933854,0.0100
59046.60000,7.5,0.927069,0.0100
59046.60000,7.6,0.943407,0.0100
59046.60000,7.7,0.951316,0.0100
59046.60000,7.8,0.932772,0.0100
59046.60000,7.9,0.926231,0.0100
59046.60000,8.0,0.940303,0.0100
59046.60000,8.1,0.940347,0.0100
59046.60000,8.2,0.946705,0.0100
59046.60000,8.3,0.950717,0.0100
59046.60000,8.4,0.940627,0.0100
59046.60000,8.5,0.959777,0.0100
59046.60000,8.6,0.943464,0.0100
59046.60000,8.7,0.937757,0.0100
59046.60000,8.8,0.925106,0.0100
59046.60000,8.9,0.938595,0.0100
59046.60000,9.0,0.937858,0.0100
59046.60000,9.1,0.950825,0.0100
59046.60000,9.2,0.945846,0.0100
59046.60000,9.3,0.929428,0.0100
59046.60000,9.4,0.942944,0.0100
59046.60000,9.5,0.947937,0.0100
59046.60000,9.6,0.956502,0.0100
59046.60000,9.7,0.950097,0.0100
59046.60000,9.8,0.948830,0.0100
59046.60000,9.9,0.941822,0.0100
59046.60000,10.0,0.945105,0.0100
59046.64000,0.5,0.935444,0.0100
59046.64000,0.6,0.909621,0.0100
59046.64000,0.7,0.919454,0.0100
59046.64000,0.8,0.915223,0.0100
59046.64000,0.9,0.926740,0.0100
59046.64000,1.0,0.935251,0.0100
59046.64000,1.1,0.916979,0.0100
59046.64000,1.2,0.899046,0.0100
59046.64000,1.3,0.918826,0.0100
59046.64000,1.4,0.932083,0.0100
59046.64000,1.5,0.928325,0.0100
59046.64000,1.6,0.927231,0.0100
59046.64000,1.7,0.920149,0.0100
59046.64000,1.8,0.910158,0.0100
59046.64000,1.9,0.928102,0.0100
59046.64000,2.0,0.914606,0.0100
59046.64000,2.1,0.944790,0.0100
59046.64000,2.2,0.928654,0.0100
59046.64000,2.3,0.917142,0.0100
59046.64000,2.4,0.916835,0.0100
59046.64000,2.5,0.922019,0.0100
59046.64000,2.6,0.920554,0.0100
59046.64000,2.7,0.934117,0.0100
59046.64000,2.8,0.924813,0.0100
59046.64000,2.9,0.915632,0.0100
59046.64000,3.0,0.941853,0.0100
59046.64000,3.1,0.923442,0.0100
59046.64000,3.2,0.930637,0.0100
59046.64000,3.3,0.916866,0.0100
59046.64000,3.4,0.926580,0.0100
59046.64000,3.5,0.926060,0.0100
59046.64000,3.6,0.904052,0.0100
59046.64000,3.7,0.943101,0.0100
59046.64000,3.8,0.935855,0.0100
59046.64000,3.9,0.918977,0.0100
59046.64000,4.0,0.911926,0.0100
59046.64000,4.1,0.926424,0.0100
59046.64000,4.2,0.923816,0.0100
59046.64000,4.3,0.926505,0.0100
59046.64000,4.4,0.924864,0.0100
59046.64000,4.5,0.928011,0.0100
59046.64000,4.6,0.937422,0.0100
59046.64000,4.7,0.928630,0.0100
59046.64000,4.8,0.912452,0.0100
59046.64000,4.9,0.936574,0.0100
59046.64000,5.0,0.939355,0.0100
59046.64000,5.1,0.954469,0.0100
59046.64000,5.2,0.911714,0.0100
59046.64000,5.3,0.925377,0.0100
59046.64000,5.4,0.902128,0.0100
59046.64000,5.5,0.928480,0.0100
59046.64000,5.6,0.917467,0.0100
59046.64000,5.7,0.942183,0.0100
59046.64000,5.8,0.915203,0.0100
59046.64000,5.9,0.906057,0.0100
59046.64000,6.0,0.918236,0.0100
59046.64000,6.1,0.903194,0.0100
59046.64000,6.2,0.930460,0.0100
59046.64000,6.3,0.902298,0.0100
59046.64000,6.4,0.923233,0.0100
59046.64000,6.5,0.902171,0.0100
59046.64000,6.6,0.919746,0.0100
59046.64000,6.7,0.939382,0.0100
59046.64000,6.8,0.926555,0.0100
59046.64000,6.9,0.914314,0.0100
59046.64000,7.0,0.922637,0.0100
59046.64000,7.1,0.923129,0.0100
59046.64000,7.2,0.927675,0.0100
59046.64000,7.3,0.909280,0.0100
59046.64000,7.4,0.928874,0.0100
59046.64000,7.5,0.895905,0.0100
59046.64000,7.6,0.916650,0.0100
59046.64000,7.7,0.918066,0.0100
59046.64000,7.8,0.929282,0.0100
59046.64000,7.9,0.923175,0.0100
59046.64000,8.0,0.908893,0.0100
59046.64000,8.1,0.913099,0.0100
59046.64000,8.2,0.924935,0.0100
59046.64000,8.3,0.922158,0.0100
59046.64000,8.4,0.917157,0.0100
59046.64000,8.5,0.918140,0.0100
59046.64000,8.6,0.929910,0.0100
59046.64000,8.7,0.917772,0.0100
59046.64000,8.8,0.922068,0.0100
59046.64000,8.9,0.944648,0.0100
59046.64000,9.0,0.908712,0.0100
59046.64000,9.1,0.904430,0.0100
59046.64000,9.2,0.930785,0.0100
59046.64000,9.3,0.916162,0.0100
59046.64000,9.4,0.919766,0.0100
59046.64000,9.5,0.915137,0.0100
59046.64000,9.6,0.920351,0.0100
59046.64000,9.7,0.938934,0.0100
59046.64000,9.8,0.930970,0.0100
59046.64000,9.9,0.931571,0.0100
59046.64000,10.0,0.908786,0.0100
59046.68000,0.5,0.898006,0.0100
59046.68000,0.6,0.881127,0.0100
59046.68000,0.7,0.901423,0.0100
59046.68000,0.8,0.919084,0.0100
59046.68000,0.9,0.914687,0.0100
59046.68000,1.0,0.907302,0.0100
59046.68000,1.1,0.909294,0.0100
59046.68000,1.2,0.902628,0.0100
59046.68000,1.3,0.911565,0.0100
59046.68000,1.4,0.917176,0.0100
59046.68000,1.5,0.893358,0.0100
59046.68000,1.6,0.912514,0.0100
59046.68000,1.7,0.918842,0.0100
59046.68000,1.8,0.905366,0.0100
59046.68000,1.9,0.916524,0.0100
59046.68000,2.0,0.937664,0.0100
59046.68000,2.1,0.908474,0.0100
59046.68000,2.2,0.913450,0.0100
59046.68000,2.3,0.902137,0.0100
59046.68000,2.4,0.911330,0.0100
59046.68000,2.5,0.914120,0.0100
59046.68000,2.6,0.911466,0.0100
59046.68000,2.7,0.899320,0.0100
59046.68000,2.8,0.911581,0.0100
59046.68000,2.9,0.924139,0.0100
59046.68000,3.0,0.914004,0.0100
59046.68000,3.1,0.919137,0.0100
59046.68000,3.2,0.907147,0.0100
59046.68000,3.3,0.917016,0.0100
59046.68000,3.4,0.912310,0.0100
59046.68000,3.5,0.900008,0.0100
59046.68000,3.6,0.912703,0.0100
59046.68000,3.7,0.899600,0.0100
59046.68000,3.8,0.903188,0.0100
59046.68000,3.9,0.911411,0.0100
59046.68000,4.0,0.912490,0.0100
59046.68000,4.1,0.897625,0.0100
59046.68000,4.2,0.920057,0.0100
59046.68000,4.3,0.915237,0.0100
59046.68000,4.4,0.902470,0.0100
59046.68000,4.5,0.894141,0.0100
59046.68000,4.6,0.908068,0.0100
59046.68000,4.7,0.905058,0.0100
59046.68000,4.8,0.910649,0.0100
59046.68000,4.9,0.905886,0.0100
59046.68000,5.0,0.889443,0.0100
59046.68000,5.1,0.905634,0.0100
59046.68000,5.2,0.906461,0.0100
59046.68000,5.3,0.915854,0.0100
59046.68000,5.4,0.902535,0.0100
59046.68000,5.5,0.926304,0.0100
59046.68000,5.6,0.890401,0.0100
59046.68000,5.7,0.922629,0.0100
59046.68000,5.8,0.907274,0.0100
59046.68000,5.9,0.918113,0.0100
59046.68000,6.0,0.910315,0.0100
59046.68000,6.1,0.920913,0.0100
59046.68000,6.2,0.905644,0.0100
59046.68000,6.3,0.898531,0.0100
59046.68000,6.4,0.923722,0.0100
59046.68000,6.5,0.908382,0.0100
59046.68000,6.6,0.911733,0.0100
59046.68000,6.7,0.921865,0.0100
59046.68000,6.8,0.899198,0.0100
59046.68000,6.9,0.915472,0.0100
59046.68000,7.0,0.903618,0.0100
59046.68000,7.1,0.908196,0.0100
59046.68000,7.2,0.910240,0.0100
59046.68000,7.3,0.894515,0.0100
59046.68000,7.4,0.901729,0.0100
59046.68000,7.5,0.923028,0.0100
59046.68000,7.6,0.918379,0.0100
59046.68000,7.7,0.908891,0.0100
59046.68000,7.8,0.911949,0.0100
59046.68000,7.9,0.906575,0.0100
59046.68000,8.0,0.923083,0.0100
59046.68000,8.1,0.907514,0.0100
59046.68000,8.2,0.911836,0.0100
59046.68000,8.3,0.920978,0.0100
59046.68000,8.4,0.901744,0.0100
59046.68000,8.5,0.925105,0.0100
59046.68000,8.6,0.894213,0.0100
59046.68000,8.7,0.925814,0.0100
59046.68000,8.8,0.905791,0.0100
59046.68000,8.9,0.907090,0.0100
59046.68000,9.0,0.890617,0.0100
59046.68000,9.1,0.904969,0.0100
59046.68000,9.2,0.899119,0.0100
59046.68000,9.3,0.903441,0.0100
59046.68000,9.4,0.908144,0.0100
59046.68000,9.5,0.919095,0.0100
59046.68000,9.6,0.911593,0.0100
59046.68000,9.7,0.912594,0.0100
59046.68000,9.8,0.898562,0.0100
59046.68000,9.9,0.900710,0.0100
59046.68000,10.0,0.927505,0.0100
59046.72000,0.5,0.894419,0.0100
59046.72000,0.6,0.918333,0.0100
59046.72000,0.7,0.899341,0.0100
59046.72000,0.8,0.901794,0.0100
59046.72000,0.9,0.912475,0.0100
59046.72000,1.0,0.914490,0.0100
59046.72000,1.1,0.900663,0.0100
59046.72000,1.2,0.897889,0.0100
59046.72000,1.3,0.901212,0.0100
59046.72000,1.4,0.905151,0.0100
59046.72000,1.5,0.910684,0.0100
59046.72000,1.6,0.901814,0.0100
59046.72000,1.7,0.907960,0.0100
59046.72000,1.8,0.918155,0.0100
59046.72000,1.9,0.905584,0.0100
59046.72000,2.0,0.904888,0.0100
59046.72000,2.1,0.886582,0.0100
59046.72000,2.2,0.875464,0.0100
59046.72000,2.3,0.905655,0.0100
59046.72000,2.4,0.900823,0.0100
59046.72000,2.5,0.896623,0.0100
59046.72000,2.6,0.904207,0.0100
59046.72000,2.7,0.901167,0.0100
59046.72000,2.8,0.913049,0.0100
59046.72000,2.9,0.902632,0.0100
59046.72000,3.0,0.894302,0.0100
59046.72000,3.1,0.911673,0.0100
59046.72000,3.2,0.899600,0.0100
59046.72000,3.3,0.907037,0.0100
59046.72000,3.4,0.896997,0.0100
59046.72000,3.5,0.895273,0.0100
59046.72000,3.6,0.902613,0.0100
59046.72000,3.7,0.901900,0.0100
59046.72000,3.8,0.906570,0.0100
59046.72000,3.9,0.899085,0.0100
59046.72000,4.0,0.883408,0.0100
59046.72000,4.1,0.897444,0.0100
59046.72000,4.2,0.909709,0.0100
59046.72000,4.3,0.898798,0.0100
59046.72000,4.4,0.899307,0.0100
59046.72000,4.5,0.911635,0.0100
59046.72000,4.6,0.894652,0.0100
59046.72000,4.7,0.886343,0.0100
59046.72000,4.8,0.900165,0.0100
59046.72000,4.9,0.896930,0.0100
59046.72000,5.0,0.892109,0.0100
59046.72000,5.1,0.900017,0.0100
59046.72000,5.2,0.906686,0.0100
59046.72000,5.3,0.901678,0.0100
59046.72000,5.4,0.904841,0.0100
59046.72000,5.5,0.919905,0.0100
59046.72000,5.6,0.898342,0.0100
59046.72000,5.7,0.904555,0.0100
59046.72000,5.8,0.896679,0.0100
59046.72000,5.9,0.893308,0.0100
59046.72000,6.0,0.895922,0.0100
59046.72000,6.1,0.896984,0.0100
59046.72000,6.2,0.905366,0.0100
59046.72000,6.3,0.925262,0.0100
59046.72000,6.4,0.894611,0.0100
59046.72000,6.5,0.897605,0.0100
59046.72000,6.6,0.901140,0.0100
59046.72000,6.7,0.905729,0.0100
59046.72000,6.8,0.904407,0.0100
59046.72000,6.9,0.914612,0.0100
59046.72000,7.0,0.877507,0.0100
59046.72000,7.1,0.877902,0.0100
59046.72000,7.2,0.896812,0.0100
59046.72000,7.3,0.912744,0.0100
59046.72000,7.4,0.886115,0.0100
59046.72000,7.5,0.871695,0.0100
59046.72000,7.6,0.907483,0.0100
59046.72000,7.7,0.904208,0.0100
59046.72000,7.8,0.890869,0.0100
59046.72000,7.9,0.891916,0.0100
59046.72000,8.0,0.892074,0.0100
59046.72000,8.1,0.902877,0.0100
59046.72000,8.2,0.895508,0.0100
59046.72000,8.3,0.906712,0.0100
59046.72000,8.4,0.873225,0.0100
59046.72000,8.5,0.893203,0.0100
59046.72000,8.6,0.890511,0.0100
59046.72000,8.7,0.899208,0.0100
59046.72000,8.8,0.896391,0.0100
59046.72000,8.9,0.909750,0.0100
59046.72000,9.0,0.883178,0.0100
59046.72000,9.1,0.902226,0.0100
59046.72000,9.2,0.907355,0.0100
59046.72000,9.3,0.920338,0.0100
59046.72000,9.4,0.896954,0.0100
59046.72000,9.5,0.905016,0.0100
59046.72000,9.6,0.883733,0.0100
59046.72000,9.7,0.877852,0.0100
59046.72000,9.8,0.910219,0.0100
59046.72000,9.9,0.901716,0.0100
59046.72000,10.0,0.913556,0.0100
59046.76000,0.5,0.886463,0.0100
59046.76000,0.6,0.905396,0.0100
59046.76000,0.7,0.918886,0.0100
59046.76000,0.8,0.904394,0.0100
59046.76000,0.9,0.902963,0.0100
59046.76000,1.0,0.900283,0.0100
59046.76000,1.1,0.884489,0.0100
59046.76000,1.2,0.913753,0.0100
59046.76000,1.3,0.894089,0.0100
59046.76000,1.4,0.905242,0.0100
59046.76000,1.5,0.884567,0.0100
59046.76000,1.6,0.888403,0.0100
59046.76000,1.7,0.914548,0.0100
59046.76000,1.8,0.896724,0.0100
59046.76000,1.9,0.914730,0.0100
59046.76000,2.0,0.899415,0.0100
59046.76000,2.1,0.881778,0.0100
59046.76000,2.2,0.909118,0.0100
59046.76000,2.3,0.894298,0.0100
59046.76000,2.4,0.907184,0.0100
59046.76000,2.5,0.900449,0.0100
59046.76000,2.6,0.884766,0.0100
59046.76000,2.7,0.901840,0.0100
59046.76000,2.8,0.922160,0.0100
59046.76000,2.9,0.905127,0.0100
59046.76000,3.0,0.899622,0.0100
59046.76000,3.1,0.910951,0.0100
59046.76000,3.2,0.902304,0.0100
59046.76000,3.3,0.902293,0.0100
59046.76000,3.4,0.889281,0.0100
59046.76000,3.5,0.902536,0.0100
59046.76000,3.6,0.910552,0.0100
59046.76000,3.7,0.891837,0.0100
59046.76000,3.8,0.914442,0.0100
59046.76000,3.9,0.899280,0.0100
59046.76000,4.0,0.891320,0.0100
59046.76000,4.1,0.910174,0.0100
59046.76000,4.2,0.897329,0.0100
59046.76000,4.3,0.907792,0.0100
59046.76000,4.4,0.897280,0.0100
59046.76000,4.5,0.899599,0.0100
59046.76000,4.6,0.905133,0.0100
59046.76000,4.7,0.903106,0.0100
59046.76000,4.8,0.880242,0.0100
59046.76000,4.9,0.888985,0.0100
59046.76000,5.0,0.909491,0.0100
59046.76000,5.1,0.898876,0.0100
59046.76000,5.2,0.894960,0.0100
59046.76000,5.3,0.886612,0.0100
59046.76000,5.4,0.889400,0.0100
59046.76000,5.5,0.879979,0.0100
59046.76000,5.6,0.899185,0.0100
59046.76000,5.7,0.894213,0.0100
59046.76000,5.8,0.890531,0.0100
59046.76000,5.9,0.899516,0.0100
59046.76000,6.0,0.903837,0.0100
59046.76000,6.1,0.921129,0.0100
59046.76000,6.2,0.885078,0.0100
59046.76000,6.3,0.911791,0.0100
59046.76000,6.4,0.909928,0.0100
59046.76000,6.5,0.892406,0.0100
59046.76000,6.6,0.902230,0.0100
59046.76000,6.7,0.895621,0.0100
59046.76000,6.8,0.902054,0.0100
59046.76000,6.9,0.915289,0.0100
59046.76000,7.0,0.906253,0.0100
59046.76000,7.1,0.905283,0.0100
59046.76000,7.2,0.895894,0.0100
59046.76000,7.3,0.885357,0.0100
59046.76000,7.4,0.898113,0.0100
59046.76000,7.5,0.912263,0.0100
59046.76000,7.6,0.884926,0.0100
59046.76000,7.7,0.889646,0.0100
59046.76000,7.8,0.901460,0.0100
59046.76000,7.9,0.890351,0.0100
59046.76000,8.0,0.892272,0.0100
59046.76000,8.1,0.895961,0.0100
59046.76000,8.2,0.886541,0.0100
59046.76000,8.3,0.890456,0.0100
59046.76000,8.4,0.907232,0.0100
59046.76000,8.5,0.887124,0.0100
59046.76000,8.6,0.884219,0.0100
59046.76000,8.7,0.893897,0.0100
59046.76000,8.8,0.907517,0.0100
59046.76000,8.9,0.898228,0.0100
59046.76000,9.0,0.895552,0.0100
59046.76000,9.1,0.900641,0.0100
59046.76000,9.2,0.882740,0.0100
59046.76000,9.3,0.905144,0.0100
59046.76000,9.4,0.904032,0.0100
59046.76000,9.5,0.896104,0.0100
59046.76000,9.6,0.910257,0.0100
59046.76000,9.7,0.888922,0.0100
59046.76000,9.8,0.911476,0.0100
59046.76000,9.9,0.901742,0.0100
59046.76000,10.0,0.896832,0.0100
59046.80000,0.5,0.904696,0.0100
59046.80000,0.6,0.903822,0.0100
59046.80000,0.7,0.917097,0.0100
59046.80000,0.8,0.894128,0.0100
59046.80000,0.9,0.897269,0.0100
59046.80000,1.0,0.915257,0.0100
59046.80000,1.1,0.898939,0.0100
59046.80000,1.2,0.913900,0.0100
59046.80000,1.3,0.921889,0.0100
59046.80000,1.4,0.900876,0.0100
59046.80000,1.5,0.911708,0.0100
59046.80000,1.6,0.893357,0.0100
59046.80000,1.7,0.912442,0.0100
59046.80000,1.8,0.906889,0.0100
59046.80000,1.9,0.909625,0.0100
59046.80000,2.0,0.898439,0.0100
59046.80000,2.1,0.888284,0.0100
59046.80000,2.2,0.909927,0.0100
59046.80000,2.3,0.884260,0.0100
59046.80000,2.4,0.901721,0.0100
59046.80000,2.5,0.914306,0.0100
59046.80000,2.6,0.906813,0.0100
59046.80000,2.7,0.924378,0.0100
59046.80000,2.8,0.915145,0.0100
59046.80000,2.9,0.898355,0.0100
59046.80000,3.0,0.905167,0.0100
59046.80000,3.1,0.904421,0.0100
59046.80000,3.2,0.889073,0.0100
59046.80000,3.3,0.895490,0.0100
59046.80000,3.4,0.899287,0.0100
59046.80000,3.5,0.884532,0.0100
59046.80000,3.6,0.905369,0.0100
59046.80000,3.7,0.902404,0.0100
59046.80000,3.8,0.888165,0.0100
59046.80000,3.9,0.908936,0.0100
59046.80000,4.0,0.912053,0.0100
59046.80000,4.1,0.907165,0.0100
59046.80000,4.2,0.901654,0.0100
59046.80000,4.3,0.910809,0.0100
59046.80000,4.4,0.911697,0.0100
59046.80000,4.5,0.907968,0.0100
59046.80000,4.6,0.896648,0.0100
59046.80000,4.7,0.907660,0.0100
59046.80000,4.8,0.916849,0.0100
59046.80000,4.9,0.898928,0.0100
59046.80000,5.0,0.925874,0.0100
59046.80000,5.1,0.899638,0.0100
59046.80000,5.2,0.905218,0.0100
59046.80000,5.3,0.898169,0.0100
59046.80000,5.4,0.907127,0.0100
59046.80000,5.5,0.887472,0.0100
59046.80000,5.6,0.899434,0.0100
59046.80000,5.7,0.893973,0.0100
59046.80000,5.8,0.906248,0.0100
59046.80000,5.9,0.914839,0.0100
59046.80000,6.0,0.911354,0.0100
59046.80000,6.1,0.881178,0.0100
59046.80000,6.2,0.925315,0.0100
59046.80000,6.3,0.907847,0.0100
59046.80000,6.4,0.897129,0.0100
59046.80000,6.5,0.906466,0.0100
59046.80000,6.6,0.906656,0.0100
59046.80000,6.7,0.898226,0.0100
59046.80000,6.8,0.906874,0.0100
59046.80000,6.9,0.898820,0.0100
59046.80000,7.0,0.900851,0.0100
59046.80000,7.1,0.898032,0.0100
59046.80000,7.2,0.890568,0.0100
59046.80000,7.3,0.906353,0.0100
59046.80000,7.4,0.910747,0.0100
59046.80000,7.5,0.910043,0.0100
59046.80000,7.6,0.913094,0.0100
59046.80000,7.7,0.908138,0.0100
59046.80000,7.8,0.899567,0.0100
59046.80000,7.9,0.913291,0.0100
59046.80000,8.0,0.891319,0.0100
59046.80000,8.1,0.895888,0.0100
59046.80000,8.2,0.895252,0.0100
59046.80000,8.3,0.915695,0.0100
59046.80000,8.4,0.914322,0.0100
59046.80000,8.5,0.909767,0.0100
59046.80000,8.6,0.915614,0.0100
59046.80000,8.7,0.896102,0.0100
59046.80000,8.8,0.908380,0.0100
59046.80000,8.9,0.903643,0.0100
59046.80000,9.0,0.913363,0.0100
59046.80000,9.1,0.903742,0.0100
59046.80000,9.2,0.901045,0.0100
59046.80000,9.3,0.910303,0.0100
59046.80000,9.4,0.913656,0.0100
59046.80000,9.5,0.898211,0.0100
59046.80000,9.6,0.904284,0.0100
59046.80000,9.7,0.894310,0.0100
59046.80000,9.8,0.879914,0.0100
59046.80000,9.9,0.906899,0.0100
59046.80000,10.0,0.910983,0.0100
59046.84000,0.5,0.918188,0.0100
59046.84000,0.6,0.896072,0.0100
59046.84000,0.7,0.912059,0.0100
59046.84000,0.8,0.893384,0.0100
59046.84000,0.9,0.929264,0.0100
59046.84000,1.0,0.904707,0.0100
59046.84000,1.1,0.928121,0.0100
59046.84000,1.2,0.925026,0.0100
59046.84000,1.3,0.906561,0.0100
59046.84000,1.4,0.904239,0.0100
59046.84000,1.5,0.919071,0.0100
59046.84000,1.6,0.907124,0.0100
59046.84000,1.7,0.916592,0.0100
59046.84000,1.8,0.910739,0.0100
59046.84000,1.9,0.897756,0.0100
59046.84000,2.0,0.893263,0.0100
59046.84000,2.1,0.917834,0.0100
59046.84000,2.2,0.909952,0.0100
59046.84000,2.3,0.910036,0.0100
59046.84000,2.4,0.922526,0.0100
59046.84000,2.5,0.927302,0.0100
59046.84000,2.6,0.912842,0.0100
59046.84000,2.7,0.912161,0.0100
59046.84000,2.8,0.920569,0.0100
59046.84000,2.9,0.901998,0.0100
59046.84000,3.0,0.917799,0.0100
59046.84000,3.1,0.921086,0.0100
59046.84000,3.2,0.922370,0.0100
59046.84000,3.3,0.896200,0.0100
59046.84000,3.4,0.907954,0.0100
59046.84000,3.5,0.906785,0.0100
59046.84000,3.6,0.916566,0.0100
59046.84000,3.7,0.920375,0.0100
59046.84000,3.8,0.930534,0.0100
59046.84000,3.9,0.910618,0.0100
59046.84000,4.0,0.910591,0.0100
59046.84000,4.1,0.927064,0.0100
59046.84000,4.2,0.918533,0.0100
59046.84000,4.3,0.928244,0.0100
59046.84000,4.4,0.918454,0.0100
59046.84000,4.5,0.903996,0.0100
59046.84000,4.6,0.902236,0.0100
59046.84000,4.7,0.900052,0.0100
59046.84000,4.8,0.922188,0.0100
59046.84000,4.9,0.927453,0.0100
59046.84000,5.0,0.934061,0.0100
59046.84000,5.1,0.923998,0.0100
59046.84000,5.2,0.927196,0.0100
59046.84000,5.3,0.909767,0.0100
59046.84000,5.4,0.904003,0.0100
59046.84000,5.5,0.924068,0.0100
59046.84000,5.6,0.919744,0.0100
59046.84000,5.7,0.916642,0.0100
59046.84000,5.8,0.919441,0.0100
59046.84000,5.9,0.918799,0.0100
59046.84000,6.0,0.928405,0.0100
59046.84000,6.1,0.928517,0.0100
59046.84000,6.2,0.921009,0.0100
59046.84000,6.3,0.924025,0.0100
59046.84000,6.4,0.920708,0.0100
59046.84000,6.5,0.910956,0.0100
59046.84000,6.6,0.923133,0.0100
59046.84000,6.7,0.901622,0.0100
59046.84000,6.8,0.926106,0.0100
59046.84000,6.9,0.903622,0.0100
59046.84000,7.0,0.918425,0.0100
59046.84000,7.1,0.907116,0.0100
59046.84000,7.2,0.921101,0.0100
59046.84000,7.3,0.915228,0.0100
59046.84000,7.4,0.899620,0.0100
59046.84000,7.5,0.919774,0.0100
59046.84000,7.6,0.909788,0.0100
59046.84000,7.7,0.924379,0.0100
59046.84000,7.8,0.915580,0.0100
59046.84000,7.9,0.919521,0.0100
59046.84000,8.0,0.905992,0.0100
59046.84000,8.1,0.909674,0.0100
59046.84000,8.2,0.910981,0.0100
59046.84000,8.3,0.924134,0.0100
59046.84000,8.4,0.932341,0.0100
59046.84000,8.5,0.907515,0.0100
59046.84000,8.6,0.926336,0.0100
59046.84000,8.7,0.893870,0.0100
59046.84000,8.8,0.903625,0.0100
59046.84000,8.9,0.905979,0.0100
59046.84000,9.0,0.902042,0.0100
59046.84000,9.1,0.899731,0.0100
59046.84000,9.2,0.919697,0.0100
59046.84000,9.3,0.913427,0.0100
59046.84000,9.4,0.919361,0.0100
59046.84000,9.5,0.922472,0.0100
59046.84000,9.6,0.918223,0.0100
59046.84000,9.7,0.922145,0.0100
59046.84000,9.8,0.914872,0.0100
59046.84000,9.9,0.903697,0.0100
59046.84000,10.0,0.926145,0.0100
59046.88000,0.5,0.925654,0.0100
59046.88000,0.6,0.922189,0.0100
59046.88000,0.7,0.929766,0.0100
59046.88000,0.8,0.922417,0.0100
59046.88000,0.9,0.927371,0.0100
59046.88000,1.0,0.934986,0.0100
59046.88000,1.1,0.935029,0.0100
59046.88000,1.2,0.922567,0.0100
59046.88000,1.3,0.926668,0.0100
59046.88000,1.4,0.942289,0.0100
59046.88000,1.5,0.936509,0.0100
59046.88000,1.6,0.952296,0.0100
59046.88000,1.7,0.943347,0.0100
59046.88000,1.8,0.942988,0.0100
59046.88000,1.9,0.917667,0.0100
59046.88000,2.0,0.939184,0.0100
59046.88000,2.1,0.931014,0.0100
59046.88000,2.2,0.926035,0.0100
59046.88000,2.3,0.933225,0.0100
59046.88000,2.4,0.940997,0.0100
59046.88000,2.5,0.936554,0.0100
59046.88000,2.6,0.922761,0.0100
59046.88000,2.7,0.938970,0.0100
59046.88000,2.8,0.925169,0.0100
59046.88000,2.9,0.933712,0.0100
59046.88000,3.0,0.928512,0.0100
59046.88000,3.1,0.929357,0.0100
59046.88000,3.2,0.939208,0.0100
59046.88000,3.3,0.921143,0.0100
59046.88000,3.4,0.950997,0.0100
59046.88000,3.5,0.913334,0.0100
59046.88000,3.6,0.925569,0.0100
59046.88000,3.7,0.935247,0.0100
59046.88000,3.8,0.937388,0.0100
59046.88000,3.9,0.930541,0.0100
59046.88000,4.0,0.930971,0.0100
59046.88000,4.1,0.935651,0.0100
59046.88000,4.2,0.929235,0.0100
59046.88000,4.3,0.945477,0.0100
59046.88000,4.4,0.939939,0.0100
59046.88000,4.5,0.940274,0.0100
59046.88000,4.6,0.921884,0.0100
59046.88000,4.7,0.930751,0.0100
59046.88000,4.8,0.928541,0.0100
59046.88000,4.9,0.921489,0.0100
59046.88000,5.0,0.935147,0.0100
59046.88000,5.1,0.926169,0.0100
59046.88000,5.2,0.938099,0.0100
59046.88000,5.3,0.920843,0.0100
59046.88000,5.4,0.948736,0.0100
59046.88000,5.5,0.922582,0.0100
59046.88000,5.6,0.933738,0.0100
59046.88000,5.7,0.939464,0.0100
59046.88000,5.8,0.925839,0.0100
59046.88000,5.9,0.940070,0.0100
59046.88000,6.0,0.919253,0.0100
59046.88000,6.1,0.946066,0.0100
59046.88000,6.2,0.931687,0.0100
59046.88000,6.3,0.925581,0.0100
59046.88000,6.4,0.928553,0.0100
59046.88000,6.5,0.939634,0.0100
59046.88000,6.6,0.925701,0.0100
59046.88000,6.7,0.924052,0.0100
59046.88000,6.8,0.929330,0.0100
59046.88000,6.9,0.919776,0.0100
59046.88000,7.0,0.949751,0.0100
59046.88000,7.1,0.925881,0.0100
59046.88000,7.2,0.939861,0.0100
59046.88000,7.3,0.933640,0.0100
59046.88000,7.4,0.921700,0.0100
59046.88000,7.5,0.931486,0.0100
59046.88000,7.6,0.939385,0.0100
59046.88000,7.7,0.929663,0.0100
59046.88000,7.8,0.943476,0.0100
59046.88000,7.9,0.941760,0.0100
59046.88000,8.0,0.940734,0.0100
59046.88000,8.1,0.926949,0.0100
59046.88000,8.2,0.920747,0.0100
59046.88000,8.3,0.925409,0.0100
59046.88000,8.4,0.933508,0.0100
59046.88000,8.5,0.937003,0.0100
59046.88000,8.6,0.909830,0.0100
59046.88000,8.7,0.931464,0.0100
59046.88000,8.8,0.933126,0.0100
59046.88000,8.9,0.928770,0.0100
59046.88000,9.0,0.944458,0.0100
59046.88000,9.1,0.935763,0.0100
59046.88000,9.2,0.944647,0.0100
59046.88000,9.3,0.929386,0.0100
59046.88000,9.4,0.940920,0.0100
59046.88000,9.5,0.947896,0.0100
59046.88000,9.6,0.944662,0.0100
59046.88000,9.7,0.920624,0.0100
59046.88000,9.8,0.929009,0.0100
59046.88000,9.9,0.928094,0.0100
59046.88000,10.0,0.936438,0.0100
59046.92000,0.5,0.958688,0.0100
59046.92000,0.6,0.943436,0.0100
59046.92000,0.7,0.952503,0.0100
59046.92000,0.8,0.931625,0.0100
59046.92000,0.9,0.966244,0.0100
59046.92000,1.0,0.946701,0.0100
59046.92000,1.1,0.952383,0.0100
59046.92000,1.2,0.948728,0.0100
59046.92000,1.3,0.963285,0.0100
59046.92000,1.4,0.923450,0.0100
59046.92000,1.5,0.951659,0.0100
59046.92000,1.6,0.950766,0.0100
59046.92000,1.7,0.947288,0.0100
59046.92000,1.8,0.969087,0.0100
59046.92000,1.9,0.942951,0.0100
59046.92000,2.0,0.959543,0.0100
59046.92000,2.1,0.955387,0.0100
59046.92000,2.2,0.964440,0.0100
59046.92000,2.3,0.945153,0.0100
59046.92000,2.4,0.944495,0.0100
59046.92000,2.5,0.962785,0.0100
59046.92000,2.6,0.956078,0.0100
59046.92000,2.7,0.936375,0.0100
59046.92000,2.8,0.946432,0.0100
59046.92000,2.9,0.955688,0.0100
59046.92000,3.0,0.960202,0.0100
59046.92000,3.1,0.945032,0.0100
59046.92000,3.2,0.922682,0.0100
59046.92000,3.3,0.957057,0.0100
59046.92000,3.4,0.939621,0.0100
59046.92000,3.5,0.931651,0.0100
59046.92000,3.6,0.923501,0.0100
59046.92000,3.7,0.959964,0.0100
59046.92000,3.8,0.953111,0.0100
59046.92000,3.9,0.949568,0.0100
59046.92000,4.0,0.965715,0.0100
59046.92000,4.1,0.958198,0.0100
59046.92000,4.2,0.967988,0.0100
59046.92000,4.3,0.937897,0.0100
59046.92000,4.4,0.951479,0.0100
59046.92000,4.5,0.935657,0.0100
59046.92000,4.6,0.949531,0.0100
59046.92000,4.7,0.949338,0.0100
59046.92000,4.8,0.958091,0.0100
59046.92000,4.9,0.952280,0.0100
59046.92000,5.0,0.958059,0.0100
59046.92000,5.1,0.958859,0.0100
59046.92000,5.2,0.973374,0.0100
59046.92000,5.3,0.948672,0.0100
59046.92000,5.4,0.942414,0.0100
59046.92000,5.5,0.954285,0.0100
59046.92000,5.6,0.943802,0.0100
59046.92000,5.7,0.966644,0.0100
59046.92000,5.8,0.948992,0.0100
59046.92000,5.9,0.946169,0.0100
59046.92000,6.0,0.947111,0.0100
59046.92000,6.1,0.959009,0.0100
59046.92000,6.2,0.950247,0.0100
59046.92000,6.3,0.945408,0.0100
59046.92000,6.4,0.968478,0.0100
59046.92000,6.5,0.943263,0.0100
59046.92000,6.6,0.952180,0.0100
59046.92000,6.7,0.958348,0.0100
59046.92000,6.8,0.935511,0.0100
59046.92000,6.9,0.956627,0.0100
59046.92000,7.0,0.941274,0.0100
59046.92000,7.1,0.960052,0.0100
59046.92000,7.2,0.942198,0.0100
59046.92000,7.3,0.958752,0.0100
59046.92000,7.4,0.962883,0.0100
59046.92000,7.5,0.960439,0.0100
59046.92000,7.6,0.954338,0.0100
59046.92000,7.7,0.949512,0.0100
59046.92000,7.8,0.946060,0.0100
59046.92000,7.9,0.966535,0.0100
59046.92000,8.0,0.944830,0.0100
59046.92000,8.1,0.941454,0.0100
59046.92000,8.2,0.958478,0.0100
59046.92000,8.3,0.943863,0.0100
59046.92000,8.4,0.942324,0.0100
59046.92000,8.5,0.937389,0.0100
59046.92000,8.6,0.946996,0.0100
59046.92000,8.7,0.950997,0.0100
59046.92000,8.8,0.954256,0.0100
59046.92000,8.9,0.961338,0.0100
59046.92000,9.0,0.957094,0.0100
59046.92000,9.1,0.949916,0.0100
59046.92000,9.2,0.949843,0.0100
59046.92000,9.3,0.956926,0.0100
59046.92000,9.4,0.964550,0.0100
59046.92000,9.5,0.953088,0.0100
59046.92000,9.6,0.947133,0.0100
59046.92000,9.7,0.941896,0.0100
59046.92000,9.8,0.937373,0.0100
59046.92000,9.9,0.958487,0.0100
59046.92000,10.0,0.957604,0.0100
59046.96000,0.5,0.980905,0.0100
59046.96000,0.6,0.973844,0.0100
59046.96000,0.7,0.989200,0.0100
59046.96000,0.8,0.970290,0.0100
59046.96000,0.9,0.984684,0.0100
59046.96000,1.0,0.974744,0.0100
59046.96000,1.1,0.969048,0.0100
59046.96000,1.2,0.981056,0.0100
59046.96000,1.3,0.979227,0.0100
59046.96000,1.4,0.978701,0.0100
59046.96000,1.5,0.975944,0.0100
59046.96000,1.6,0.974752,0.0100
59046.96000,1.7,0.999015,0.0100
59046.96000,1.8,0.986974,0.0100
59046.96000,1.9,0.982359,0.0100
59046.96000,2.0,0.976249,0.0100
59046.96000,2.1,0.985203,0.0100
59046.96000,2.2,0.980311,0.0100
59046.96000,2.3,0.975393,0.0100
59046.96000,2.4,0.972095,0.0100
59046.96000,2.5,0.974322,0.0100
59046.96000,2.6,0.943427,0.0100
59046.96000,2.7,0.977237,0.0100
59046.96000,2.8,0.970246,0.0100
59046.96000,2.9,0.991058,0.0100
59046.96000,3.0,0.975324,0.0100
59046.96000,3.1,0.963241,0.0100
59046.96000,3.2,0.974632,0.0100
59046.96000,3.3,0.964670,0.0100
59046.96000,3.4,0.979865,0.0100
59046.96000,3.5,0.978040,0.0100
59046.96000,3.6,0.984709,0.0100
59046.96000,3.7,0.967222,0.0100
59046.96000,3.8,0.975471,0.0100
59046.96000,3.9,0.961481,0.0100
59046.96000,4.0,0.982146,0.0100
59046.96000,4.1,0.980320,0.0100
59046.96000,4.2,0.980089,0.0100
59046.96000,4.3,0.975147,0.0100
59046.96000,4.4,0.979279,0.0100
59046.96000,4.5,0.991174,0.0100
59046.96000,4.6,0.972280,0.0100
59046.96000,4.7,0.976517,0.0100
59046.96000,4.8,0.964270,0.0100
59046.96000,4.9,0.966448,0.0100
59046.96000,5.0,0.976109,0.0100
59046.96000,5.1,0.986170,0.0100
59046.96000,5.2,0.972568,0.0100
59046.96000,5.3,0.972772,0.0100
59046.96000,5.4,0.971062,0.0100
59046.96000,5.5,0.969783,0.0100
59046.96000,5.6,0.978081,0.0100
59046.96000,5.7,0.960158,0.0100
59046.96000,5.8,0.987940,0.0100
59046.96000,5.9,0.968477,0.0100
59046.96000,6.0,0.982350,0.0100
59046.96000,6.1,0.962431,0.0100
59046.96000,6.2,0.981819,0.0100
59046.96000,6.3,0.981850,0.0100
59046.96000,6.4,0.978973,0.0100
59046.96000,6.5,0.965187,0.0100
59046.96000,6.6,0.977626,0.0100
59046.96000,6.7,0.963300,0.0100
59046.96000,6.8,0.972603,0.0100
59046.96000,6.9,0.985425,0.0100
59046.96000,7.0,0.983098,0.0100
59046.96000,7.1,0.975283,0.0100
59046.96000,7.2,0.965383,0.0100
59046.96000,7.3,0.981587,0.0100
59046.96000,7.4,0.975325,0.0100
59046.96000,7.5,0.951928,0.0100
59046.96000,7.6,0.982957,0.0100
59046.96000,7.7,0.974889,0.0100
59046.96000,7.8,0.987156,0.0100
59046.96000,7.9,0.964178,0.0100
59046.96000,8.0,0.943364,0.0100
59046.96000,8.1,0.977922,0.0100
59046.96000,8.2,0.978047,0.0100
59046.96000,8.3,0.958224,0.0100
59046.96000,8.4,0.965346,0.0100
59046.96000,8.5,1.002683,0.0100
59046.96000,8.6,0.972075,0.0100
59046.96000,8.7,0.982441,0.0100
59046.96000,8.8,0.968624,0.0100
59046.96000,8.9,0.954228,0.0100
59046.96000,9.0,0.973428,0.0100
59046.96000,9.1,0.972475,0.0100
59046.96000,9.2,0.971132,0.0100
59046.96000,9.3,0.973985,0.0100
59046.96000,9.4,0.977774,0.0100
59046.96000,9.5,0.973630,0.0100
59046.96000,9.6,0.962491,0.0100
59046.96000,9.7,0.979993,0.0100
59046.96000,9.8,0.955637,0.0100
59046.96000,9.9,0.954627,0.0100
59046.96000,10.0,0.982523,0.0100
59047.00000,0.5,1.005070,0.0100
59047.00000,0.6,0.999426,0.0100
59047.00000,0.7,0.986046,0.0100
59047.00000,0.8,0.992921,0.0100
59047.00000,0.9,0.997373,0.0100
59047.00000,1.0,0.984041,0.0100
59047.00000,1.1,0.992610,0.0100
59047.00000,1.2,1.006523,0.0100
59047.00000,1.3,1.014273,0.0100
59047.00000,1.4,0.995806,0.0100
59047.00000,1.5,1.007565,0.0100
59047.00000,1.6,0.980859,0.0100
59047.00000,1.7,1.006595,0.0100
59047.00000,1.8,0.991961,0.0100
59047.00000,1.9,1.003073,0.0100
59047.00000,2.0,0.997522,0.0100
59047.00000,2.1,1.013204,0.0100
59047.00000,2.2,0.991256,0.0100
59047.00000,2.3,1.006276,0.0100
59047.00000,2.4,0.997205,0.0100
59047.00000,2.5,0.998417,0.0100
59047.00000,2.6,0.998161,0.0100
59047.00000,2.7,0.991543,0.0100
59047.00000,2.8,0.999859,0.0100
59047.00000,2.9,0.999374,0.0100
59047.00000,3.0,1.002412,0.0100
59047.00000,3.1,1.000845,0.0100
59047.00000,3.2,1.007980,0.0100
59047.00000,3.3,1.009235,0.0100
59047.00000,3.4,0.989494,0.0100
59047.00000,3.5,1.008688,0.0100
59047.00000,3.6,0.988137,0.0100
59047.00000,3.7,1.005879,0.0100
59047.00000,3.8,1.006197,0.0100
59047.00000,3.9,0.980887,0.0100
59047.00000,4.0,1.000930,0.0100
59047.00000,4.1,0.995315,0.0100
59047.00000,4.2,0.992412,0.0100
59047.00000,4.3,1.013509,0.0100
59047.00000,4.4,0.993463,0.0100
59047.00000,4.5,0.991936,0.0100
59047.00000,4.6,1.000757,0.0100
59047.00000,4.7,1.006856,0.0100
59047.00000,4.8,0.998584,0.0100
59047.00000,4.9,1.011664,0.0100
59047.00000,5.0,1.005310,0.0100
59047.00000,5.1,0.978218,0.0100
59047.00000,5.2,0.994705,0.0100
59047.00000,5.3,0.994382,0.0100
59047.00000,5.4,1.004794,0.0100
59047.00000,5.5,0.973752,0.0100
59047.00000,5.6,1.025490,0.0100
59047.00000,5.7,1.005310,0.0100
59047.00000,5.8,1.001489,0.0100
59047.00000,5.9,1.011816,0.0100
59047.00000,6.0,1.023437,0.0100
59047.00000,6.1,1.008707,0.0100
59047.00000,6.2,1.009488,0.0100
59047.00000,6.3,1.001307,0.0100
59047.00000,6.4,0.998585,0.0100
59047.00000,6.5,0.995242,0.0100
59047.00000,6.6,0.991739,0.0100
59047.00000,6.7,0.993130,0.0100
59047.00000,6.8,0.986494,0.0100
59047.00000,6.9,0.999241,0.0100
59047.00000,7.0,0.983153,0.0100
59047.00000,7.1,1.001909,0.0100
59047.00000,7.2,0.999637,0.0100
59047.00000,7.3,1.001469,0.0100
59047.00000,7.4,0.994779,0.0100
59047.00000,7.5,1.030769,0.0100
59047.00000,7.6,1.013601,0.0100
59047.00000,7.7,0.987555,0.0100
59047.00000,7.8,1.002329,0.0100
59047.00000,7.9,0.993920,0.0100
59047.00000,8.0,0.989855,0.0100
59047.00000,8.1,0.986599,0.0100
59047.00000,8.2,1.004322,0.0100
59047.00000,8.3,0.993186,0.0100
59047.00000,8.4,1.009678,0.0100
59047.00000,8.5,1.009938,0.0100
59047.00000,8.6,1.013739,0.0100
59047.00000,8.7,0.991476,0.0100
59047.00000,8.8,1.004754,0.0100
59047.00000,8.9,1.006325,0.0100
59047.00000,9.0,0.995258,0.0100
59047.00000,9.1,0.992282,0.0100
59047.00000,9.2,1.016095,0.0100
59047.00000,9.3,1.002275,0.0100
59047.00000,9.4,1.006360,0.0100
59047.00000,9.5,0.991779,0.0100
59047.00000,9.6,0.987807,0.0100
59047.00000,9.7,0.994306,0.0100
59047.00000,9.8,0.998760,0.0100
59047.00000,9.9,0.989358,0.0100
59047.00000,10.0,0.999902,0.0100
